时间,时间戳,均价
2026-01-29 14:00:00,1769695200000,542
2026-01-29 15:00:00,1769698800000,556
2026-01-29 16:00:00,1769702400000,564
2026-01-29 17:00:00,1769706000000,572
2026-01-29 18:00:00,1769709600000,586
2026-01-29 19:00:00,1769713200000,593
2026-01-29 20:00:00,1769716800000,600
2026-01-29 21:00:00,1769720400000,604
2026-01-29 22:00:00,1769724000000,635
2026-01-29 23:00:00,1769727600000,657
2026-01-30 00:00:00,1769731200000,673
2026-01-30 01:00:00,1769734800000,684
2026-01-30 02:00:00,1769738400000,687
2026-01-30 03:00:00,1769742000000,507
2026-01-30 04:00:00,1769745600000,497
2026-01-30 05:00:00,1769749200000,507
2026-01-30 06:00:00,1769752800000,503
2026-01-30 07:00:00,1769756400000,494
2026-01-30 08:00:00,1769760000000,475
2026-01-30 09:00:00,1769763600000,439
2026-01-30 10:00:00,1769767200000,448
2026-01-30 11:00:00,1769770800000,
2026-01-30 12:00:00,1769774400000,518
2026-01-30 13:00:00,1769778000000,524
2026-01-30 14:00:00,1769781600000,528
2026-01-30 15:00:00,1769785200000,540
2026-01-30 16:00:00,1769788800000,548
2026-01-30 17:00:00,1769792400000,556
2026-01-30 18:00:00,1769796000000,569
2026-01-30 19:00:00,1769799600000,572
2026-01-30 20:00:00,1769803200000,586
2026-01-30 21:00:00,1769806800000,589
2026-01-30 22:00:00,1769810400000,601
2026-01-30 23:00:00,1769814000000,617
2026-01-31 00:00:00,1769817600000,653
2026-01-31 01:00:00,1769821200000,671
2026-01-31 02:00:00,1769824800000,679
2026-01-31 03:00:00,1769828400000,527
2026-01-31 04:00:00,1769832000000,518
2026-01-31 05:00:00,1769835600000,533
2026-01-31 06:00:00,1769839200000,538
2026-01-31 07:00:00,1769842800000,539
2026-01-31 08:00:00,1769846400000,539
2026-01-31 09:00:00,1769850000000,553
2026-01-31 10:00:00,1769853600000,555
2026-01-31 11:00:00,1769857200000,556
2026-01-31 12:00:00,1769860800000,559
2026-01-31 13:00:00,1769864400000,572
2026-01-31 14:00:00,1769868000000,577
2026-01-31 15:00:00,1769871600000,587
2026-01-31 16:00:00,1769875200000,596
2026-01-31 17:00:00,1769878800000,604
2026-01-31 18:00:00,1769882400000,637
2026-01-31 19:00:00,1769886000000,657
2026-01-31 20:00:00,1769889600000,669
2026-01-31 21:00:00,1769893200000,673
2026-01-31 22:00:00,1769896800000,679
2026-01-31 23:00:00,1769900400000,688
2026-02-01 00:00:00,1769904000000,689
2026-02-01 01:00:00,1769907600000,701
2026-02-01 02:00:00,1769911200000,700
2026-02-01 03:00:00,1769914800000,531
2026-02-01 04:00:00,1769918400000,518
2026-02-01 05:00:00,1769922000000,533
2026-02-01 06:00:00,1769925600000,536
2026-02-01 07:00:00,1769929200000,520
2026-02-01 08:00:00,1769932800000,536
2026-02-01 09:00:00,1769936400000,538
2026-02-01 10:00:00,1769940000000,539
2026-02-01 11:00:00,1769943600000,546
2026-02-01 12:00:00,1769947200000,544
2026-02-01 13:00:00,1769950800000,555
2026-02-01 14:00:00,1769954400000,567
2026-02-01 15:00:00,1769958000000,570
2026-02-01 16:00:00,1769961600000,574
2026-02-01 17:00:00,1769965200000,585
2026-02-01 18:00:00,1769968800000,586
2026-02-01 19:00:00,1769972400000,598
2026-02-01 20:00:00,1769976000000,597
2026-02-01 21:00:00,1769979600000,
2026-02-01 22:00:00,1769983200000,598
2026-02-01 23:00:00,1769986800000,613
2026-02-02 00:00:00,1769990400000,628
2026-02-02 01:00:00,1769994000000,640
2026-02-02 02:00:00,1769997600000,639
2026-02-02 03:00:00,1770001200000,508
2026-02-02 04:00:00,1770004800000,505
2026-02-02 05:00:00,1770008400000,515
2026-02-02 06:00:00,1770012000000,520
2026-02-02 07:00:00,1770015600000,518
2026-02-02 08:00:00,1770019200000,521
2026-02-02 09:00:00,1770022800000,521
2026-02-02 10:00:00,1770026400000,521
2026-02-02 11:00:00,1770030000000,522
2026-02-02 12:00:00,1770033600000,531
2026-02-02 13:00:00,1770037200000,539
2026-02-02 14:00:00,1770040800000,539
2026-02-02 15:00:00,1770044400000,549
2026-02-02 16:00:00,1770048000000,554
2026-02-02 17:00:00,1770051600000,555
2026-02-02 18:00:00,1770055200000,568
2026-02-02 19:00:00,1770058800000,568
2026-02-02 20:00:00,1770062400000,568
2026-02-02 21:00:00,1770066000000,582
2026-02-02 22:00:00,1770069600000,583
2026-02-02 23:00:00,1770073200000,584
2026-02-03 00:00:00,1770076800000,
2026-02-03 01:00:00,1770080400000,595
2026-02-03 02:00:00,1770084000000,594
2026-02-03 03:00:00,1770087600000,
2026-02-03 04:00:00,1770091200000,497
2026-02-03 05:00:00,1770094800000,506
2026-02-03 06:00:00,1770098400000,506
2026-02-03 07:00:00,1770102000000,505
2026-02-03 08:00:00,1770105600000,506
2026-02-03 09:00:00,1770109200000,519
2026-02-03 10:00:00,1770112800000,520
2026-02-03 11:00:00,1770116400000,523
2026-02-03 12:00:00,1770120000000,524
2026-02-03 13:00:00,1770123600000,530
2026-02-03 14:00:00,1770127200000,539
2026-02-03 15:00:00,1770130800000,540
2026-02-03 16:00:00,1770134400000,554
2026-02-03 17:00:00,1770138000000,556
2026-02-03 18:00:00,1770141600000,569
2026-02-03 19:00:00,1770145200000,569
2026-02-03 20:00:00,1770148800000,581
2026-02-03 21:00:00,1770152400000,583
2026-02-03 22:00:00,1770156000000,584
2026-02-03 23:00:00,1770159600000,590
2026-02-04 00:00:00,1770163200000,597
2026-02-04 01:00:00,1770166800000,
2026-02-04 02:00:00,1770170400000,595
2026-02-04 03:00:00,1770174000000,494
2026-02-04 04:00:00,1770177600000,503
2026-02-04 05:00:00,1770181200000,506
2026-02-04 06:00:00,1770184800000,506
2026-02-04 07:00:00,1770188400000,517
2026-02-04 08:00:00,1770192000000,520
2026-02-04 09:00:00,1770195600000,519
2026-02-04 10:00:00,1770199200000,520
2026-02-04 11:00:00,1770202800000,523
2026-02-04 12:00:00,1770206400000,525
2026-02-04 13:00:00,1770210000000,536
2026-02-04 14:00:00,1770213600000,539
2026-02-04 15:00:00,1770217200000,547
2026-02-04 16:00:00,1770220800000,555
2026-02-04 17:00:00,1770224400000,562
2026-02-04 18:00:00,1770228000000,569
2026-02-04 19:00:00,1770231600000,573
2026-02-04 20:00:00,1770235200000,583
2026-02-04 21:00:00,1770238800000,583
2026-02-04 22:00:00,1770242400000,584
2026-02-04 23:00:00,1770246000000,593
2026-02-05 00:00:00,1770249600000,597
2026-02-05 01:00:00,1770253200000,596
2026-02-05 02:00:00,1770256800000,594
2026-02-05 03:00:00,1770260400000,497
2026-02-05 04:00:00,1770264000000,505
2026-02-05 05:00:00,1770267600000,507
2026-02-05 06:00:00,1770271200000,514
2026-02-05 07:00:00,1770274800000,520
2026-02-05 08:00:00,1770278400000,520
2026-02-05 09:00:00,1770282000000,519
2026-02-05 10:00:00,1770285600000,521
2026-02-05 11:00:00,1770289200000,524
2026-02-05 12:00:00,1770292800000,525
2026-02-05 13:00:00,1770296400000,539
2026-02-05 14:00:00,1770300000000,539
2026-02-05 15:00:00,1770303600000,549
2026-02-05 16:00:00,1770307200000,555
2026-02-05 17:00:00,1770310800000,560
2026-02-05 18:00:00,1770314400000,569
2026-02-05 19:00:00,1770318000000,
2026-02-05 20:00:00,1770321600000,581
2026-02-05 21:00:00,1770325200000,583
2026-02-05 22:00:00,1770328800000,583
2026-02-05 23:00:00,1770332400000,584
2026-02-06 00:00:00,1770336000000,596
2026-02-06 01:00:00,1770339600000,595
2026-02-06 02:00:00,1770343200000,594
2026-02-06 03:00:00,1770346800000,512
2026-02-06 04:00:00,1770350400000,495
2026-02-06 05:00:00,1770354000000,504
2026-02-06 06:00:00,1770357600000,505
2026-02-06 07:00:00,1770361200000,504
2026-02-06 08:00:00,1770364800000,503
2026-02-06 09:00:00,1770368400000,503
2026-02-06 10:00:00,1770372000000,502
2026-02-06 11:00:00,1770375600000,508
2026-02-06 12:00:00,1770379200000,
2026-02-06 13:00:00,1770382800000,522
2026-02-06 14:00:00,1770386400000,516
2026-02-06 15:00:00,1770390000000,537
2026-02-06 16:00:00,1770393600000,540
2026-02-06 17:00:00,1770397200000,553
2026-02-06 18:00:00,1770400800000,554
2026-02-06 19:00:00,1770404400000,560
2026-02-06 20:00:00,1770408000000,567
2026-02-06 21:00:00,1770411600000,567
2026-02-06 22:00:00,1770415200000,568
2026-02-06 23:00:00,1770418800000,575
2026-02-07 00:00:00,1770422400000,583
2026-02-07 01:00:00,1770426000000,582
2026-02-07 02:00:00,1770429600000,581
2026-02-07 03:00:00,1770433200000,504
2026-02-07 04:00:00,1770436800000,499
2026-02-07 05:00:00,1770440400000,506
2026-02-07 06:00:00,1770444000000,506
2026-02-07 07:00:00,1770447600000,506
2026-02-07 08:00:00,1770451200000,506
2026-02-07 09:00:00,1770454800000,517
2026-02-07 10:00:00,1770458400000,521
2026-02-07 11:00:00,1770462000000,524
2026-02-07 12:00:00,1770465600000,525
2026-02-07 13:00:00,1770469200000,532
2026-02-07 14:00:00,1770472800000,539
2026-02-07 15:00:00,1770476400000,
2026-02-07 16:00:00,1770480000000,554
2026-02-07 17:00:00,1770483600000,554
2026-02-07 18:00:00,1770487200000,568
2026-02-07 19:00:00,1770490800000,568
2026-02-07 20:00:00,1770494400000,568
2026-02-07 21:00:00,1770498000000,579
2026-02-07 22:00:00,1770501600000,583
2026-02-07 23:00:00,1770505200000,583
2026-02-08 00:00:00,1770508800000,583
2026-02-08 01:00:00,1770512400000,582
2026-02-08 02:00:00,1770516000000,587
2026-02-08 03:00:00,1770519600000,495
2026-02-08 04:00:00,1770523200000,497
2026-02-08 05:00:00,1770526800000,
2026-02-08 06:00:00,1770530400000,505
2026-02-08 07:00:00,1770534000000,505
2026-02-08 08:00:00,1770537600000,505
2026-02-08 09:00:00,1770541200000,505
2026-02-08 10:00:00,1770544800000,507
2026-02-08 11:00:00,1770548400000,516
2026-02-08 12:00:00,1770552000000,525
2026-02-08 13:00:00,1770555600000,
2026-02-08 14:00:00,1770559200000,539
2026-02-08 15:00:00,1770562800000,539
2026-02-08 16:00:00,1770566400000,550
2026-02-08 17:00:00,1770570000000,555
2026-02-08 18:00:00,1770573600000,564
2026-02-08 19:00:00,1770577200000,569
2026-02-08 20:00:00,1770580800000,568
2026-02-08 21:00:00,1770584400000,577
2026-02-08 22:00:00,1770588000000,583
2026-02-08 23:00:00,1770591600000,584
2026-02-09 00:00:00,1770595200000,
2026-02-09 01:00:00,1770598800000,590
2026-02-09 02:00:00,1770602400000,594
2026-02-09 03:00:00,1770606000000,506
2026-02-09 04:00:00,1770609600000,500
2026-02-09 05:00:00,1770613200000,508
2026-02-09 06:00:00,1770616800000,520
2026-02-09 07:00:00,1770620400000,
2026-02-09 08:00:00,1770624000000,
2026-02-09 09:00:00,1770627600000,519
2026-02-09 10:00:00,1770631200000,520
2026-02-09 11:00:00,1770634800000,523
2026-02-09 12:00:00,1770638400000,525
2026-02-09 13:00:00,1770642000000,538
2026-02-09 14:00:00,1770645600000,539
2026-02-09 15:00:00,1770649200000,549
2026-02-09 16:00:00,1770652800000,555
2026-02-09 17:00:00,1770656400000,
2026-02-09 18:00:00,1770660000000,569
2026-02-09 19:00:00,1770663600000,568
2026-02-09 20:00:00,1770667200000,580
2026-02-09 21:00:00,1770670800000,582
2026-02-09 22:00:00,1770674400000,583
2026-02-09 23:00:00,1770678000000,
2026-02-10 00:00:00,1770681600000,591
2026-02-10 01:00:00,1770685200000,595
2026-02-10 02:00:00,1770688800000,594
2026-02-10 03:00:00,1770692400000,500
2026-02-10 04:00:00,1770696000000,492
2026-02-10 05:00:00,1770699600000,504
2026-02-10 06:00:00,1770703200000,504
2026-02-10 07:00:00,1770706800000,505
2026-02-10 08:00:00,1770710400000,504
2026-02-10 09:00:00,1770714000000,503
2026-02-10 10:00:00,1770717600000,504
2026-02-10 11:00:00,1770721200000,
2026-02-10 12:00:00,1770724800000,516
2026-02-10 13:00:00,1770728400000,524
2026-02-10 14:00:00,1770732000000,525
2026-02-10 15:00:00,1770735600000,538
2026-02-10 16:00:00,1770739200000,539
2026-02-10 17:00:00,1770742800000,
2026-02-10 18:00:00,1770746400000,553
2026-02-10 19:00:00,1770750000000,553
2026-02-10 20:00:00,1770753600000,557
2026-02-10 21:00:00,1770757200000,567
2026-02-10 22:00:00,1770760800000,568
2026-02-10 23:00:00,1770764400000,568
2026-02-11 00:00:00,1770768000000,567
2026-02-11 01:00:00,1770771600000,567
2026-02-11 02:00:00,1770775200000,571
2026-02-11 03:00:00,1770778800000,493
2026-02-11 04:00:00,1770782400000,492
2026-02-11 05:00:00,1770786000000,497
2026-02-11 06:00:00,1770789600000,505
2026-02-11 07:00:00,1770793200000,504
2026-02-11 08:00:00,1770796800000,503
2026-02-11 09:00:00,1770800400000,497
2026-02-11 10:00:00,1770804000000,504
2026-02-11 11:00:00,1770807600000,508
2026-02-11 12:00:00,1770811200000,510
2026-02-11 13:00:00,1770814800000,523
2026-02-11 14:00:00,1770818400000,
2026-02-11 15:00:00,1770822000000,530
2026-02-11 16:00:00,1770825600000,
2026-02-11 17:00:00,1770829200000,
2026-02-11 18:00:00,1770832800000,
2026-02-11 19:00:00,1770836400000,
2026-02-11 20:00:00,1770840000000,558
2026-02-11 21:00:00,1770843600000,567
2026-02-11 22:00:00,1770847200000,568
2026-02-11 23:00:00,1770850800000,568
2026-02-12 00:00:00,1770854400000,568
2026-02-12 01:00:00,1770858000000,580
2026-02-12 02:00:00,1770861600000,580
2026-02-12 03:00:00,1770865200000,497
2026-02-12 04:00:00,1770868800000,492
2026-02-12 05:00:00,1770872400000,
2026-02-12 06:00:00,1770876000000,
2026-02-12 07:00:00,1770879600000,
2026-02-12 08:00:00,1770883200000,
2026-02-12 09:00:00,1770886800000,
2026-02-12 10:00:00,1770890400000,
2026-02-12 11:00:00,1770894000000,
2026-02-12 12:00:00,1770897600000,
2026-02-12 13:00:00,1770901200000,
2026-02-12 14:00:00,1770904800000,
2026-02-12 15:00:00,1770908400000,
2026-02-12 16:00:00,1770912000000,541
2026-02-12 17:00:00,1770915600000,554
2026-02-12 18:00:00,1770919200000,554
2026-02-12 19:00:00,1770922800000,566
2026-02-12 20:00:00,1770926400000,567
2026-02-12 21:00:00,1770930000000,567
2026-02-12 22:00:00,1770933600000,568
2026-02-12 23:00:00,1770937200000,573
2026-02-13 00:00:00,1770940800000,582
2026-02-13 01:00:00,1770944400000,581
2026-02-13 02:00:00,1770948000000,579
2026-02-13 03:00:00,1770951600000,494
2026-02-13 04:00:00,1770955200000,498
2026-02-13 05:00:00,1770958800000,506
2026-02-13 06:00:00,1770962400000,506
2026-02-13 07:00:00,1770966000000,505
2026-02-13 08:00:00,1770969600000,478
2026-02-13 09:00:00,1770973200000,478
2026-02-13 10:00:00,1770976800000,506
2026-02-13 11:00:00,1770980400000,515
2026-02-13 12:00:00,1770984000000,524
2026-02-13 13:00:00,1770987600000,525
2026-02-13 14:00:00,1770991200000,535
2026-02-13 15:00:00,1770994800000,539
2026-02-13 16:00:00,1770998400000,546
2026-02-13 17:00:00,1771002000000,554
2026-02-13 18:00:00,1771005600000,554
2026-02-13 19:00:00,1771009200000,567
2026-02-13 20:00:00,1771012800000,567
2026-02-13 21:00:00,1771016400000,567
2026-02-13 22:00:00,1771020000000,568
2026-02-13 23:00:00,1771023600000,571
2026-02-14 00:00:00,1771027200000,583
2026-02-14 01:00:00,1771030800000,582
2026-02-14 02:00:00,1771034400000,580
2026-02-14 03:00:00,1771038000000,492
2026-02-14 04:00:00,1771041600000,
2026-02-14 05:00:00,1771045200000,
2026-02-14 06:00:00,1771048800000,
2026-02-14 07:00:00,1771052400000,
2026-02-14 08:00:00,1771056000000,
2026-02-14 09:00:00,1771059600000,
2026-02-14 10:00:00,1771063200000,
2026-02-14 11:00:00,1771066800000,
2026-02-14 12:00:00,1771070400000,
2026-02-14 13:00:00,1771074000000,
2026-02-14 14:00:00,1771077600000,532
2026-02-14 15:00:00,1771081200000,539
2026-02-14 16:00:00,1771084800000,542
2026-02-14 17:00:00,1771088400000,554
2026-02-14 18:00:00,1771092000000,554
2026-02-14 19:00:00,1771095600000,560
2026-02-14 20:00:00,1771099200000,568
2026-02-14 21:00:00,1771102800000,567
2026-02-14 22:00:00,1771106400000,568
2026-02-14 23:00:00,1771110000000,568
2026-02-15 00:00:00,1771113600000,576
2026-02-15 01:00:00,1771117200000,581
2026-02-15 02:00:00,1771120800000,580
2026-02-15 03:00:00,1771124400000,493
2026-02-15 04:00:00,1771128000000,491
2026-02-15 05:00:00,1771131600000,499
2026-02-15 06:00:00,1771135200000,505
2026-02-15 07:00:00,1771138800000,505
2026-02-15 08:00:00,1771142400000,504
2026-02-15 09:00:00,1771146000000,503
2026-02-15 10:00:00,1771149600000,506
2026-02-15 11:00:00,1771153200000,509
2026-02-15 12:00:00,1771156800000,515
2026-02-15 13:00:00,1771160400000,524
2026-02-15 14:00:00,1771164000000,527
2026-02-15 15:00:00,1771167600000,539
2026-02-15 16:00:00,1771171200000,539
2026-02-15 17:00:00,1771174800000,550
2026-02-15 18:00:00,1771178400000,554
2026-02-15 19:00:00,1771182000000,554
2026-02-15 20:00:00,1771185600000,567
2026-02-15 21:00:00,1771189200000,
2026-02-15 22:00:00,1771192800000,569
2026-02-15 23:00:00,1771196400000,569
2026-02-16 00:00:00,1771200000000,576
2026-02-16 01:00:00,1771203600000,582
2026-02-16 02:00:00,1771207200000,580
2026-02-16 03:00:00,1771210800000,498
2026-02-16 04:00:00,1771214400000,506
2026-02-16 05:00:00,1771218000000,512
2026-02-16 06:00:00,1771221600000,521
2026-02-16 07:00:00,1771225200000,520
2026-02-16 08:00:00,1771228800000,520
2026-02-16 09:00:00,1771232400000,520
2026-02-16 10:00:00,1771236000000,523
2026-02-16 11:00:00,1771239600000,
2026-02-16 12:00:00,1771243200000,534
2026-02-16 13:00:00,1771246800000,540
2026-02-16 14:00:00,1771250400000,541
2026-02-16 15:00:00,1771254000000,555
2026-02-16 16:00:00,1771257600000,555
2026-02-16 17:00:00,1771261200000,566
2026-02-16 18:00:00,1771264800000,569
2026-02-16 19:00:00,1771268400000,
2026-02-16 20:00:00,1771272000000,583
2026-02-16 21:00:00,1771275600000,583
2026-02-16 22:00:00,1771279200000,584
2026-02-16 23:00:00,1771282800000,584
2026-02-17 00:00:00,1771286400000,584
2026-02-17 01:00:00,1771290000000,597
2026-02-17 02:00:00,1771293600000,595
2026-02-17 03:00:00,1771297200000,496
2026-02-17 04:00:00,1771300800000,503
2026-02-17 05:00:00,1771304400000,506
2026-02-17 06:00:00,1771308000000,504
2026-02-17 07:00:00,1771311600000,503
2026-02-17 08:00:00,1771315200000,501
2026-02-17 09:00:00,1771318800000,502
2026-02-17 10:00:00,1771322400000,
2026-02-17 11:00:00,1771326000000,511
2026-02-17 12:00:00,1771329600000,525
2026-02-17 13:00:00,1771333200000,525
2026-02-17 14:00:00,1771336800000,538
2026-02-17 15:00:00,1771340400000,540
2026-02-17 16:00:00,1771344000000,549
2026-02-17 17:00:00,1771347600000,554
2026-02-17 18:00:00,1771351200000,558
2026-02-17 19:00:00,1771354800000,569
2026-02-17 20:00:00,1771358400000,568
2026-02-17 21:00:00,1771362000000,568
2026-02-17 22:00:00,1771365600000,575
2026-02-17 23:00:00,1771369200000,584
2026-02-18 00:00:00,1771372800000,583
2026-02-18 01:00:00,1771376400000,582
2026-02-18 02:00:00,1771380000000,580
2026-02-18 03:00:00,1771383600000,487
2026-02-18 04:00:00,1771387200000,475
2026-02-18 05:00:00,1771390800000,472
2026-02-18 06:00:00,1771394400000,471
2026-02-18 07:00:00,1771398000000,473
2026-02-18 08:00:00,1771401600000,475
2026-02-18 09:00:00,1771405200000,
2026-02-18 10:00:00,1771408800000,482
2026-02-18 11:00:00,1771412400000,492
2026-02-18 12:00:00,1771416000000,494
2026-02-18 13:00:00,1771419600000,499
2026-02-18 14:00:00,1771423200000,509
2026-02-18 15:00:00,1771426800000,514
2026-02-18 16:00:00,1771430400000,524
2026-02-18 17:00:00,1771434000000,531
2026-02-18 18:00:00,1771437600000,538
2026-02-18 19:00:00,1771441200000,538
2026-02-18 20:00:00,1771444800000,550
2026-02-18 21:00:00,1771448400000,552
2026-02-18 22:00:00,1771452000000,
2026-02-18 23:00:00,1771455600000,553
2026-02-19 00:00:00,1771459200000,552
2026-02-19 01:00:00,1771462800000,552
2026-02-19 02:00:00,1771466400000,556
2026-02-19 03:00:00,1771470000000,487
2026-02-19 04:00:00,1771473600000,490
2026-02-19 05:00:00,1771477200000,490
2026-02-19 06:00:00,1771480800000,490
2026-02-19 07:00:00,1771484400000,491
2026-02-19 08:00:00,1771488000000,490
2026-02-19 09:00:00,1771491600000,488
2026-02-19 10:00:00,1771495200000,493
2026-02-19 11:00:00,1771498800000,508
2026-02-19 12:00:00,1771502400000,510
2026-02-19 13:00:00,1771506000000,513
2026-02-19 14:00:00,1771509600000,524
2026-02-19 15:00:00,1771513200000,524
2026-02-19 16:00:00,1771516800000,
2026-02-19 17:00:00,1771520400000,539
2026-02-19 18:00:00,1771524000000,552
2026-02-19 19:00:00,1771527600000,553
2026-02-19 20:00:00,1771531200000,553
2026-02-19 21:00:00,1771534800000,554
2026-02-19 22:00:00,1771538400000,568
2026-02-19 23:00:00,1771542000000,568
2026-02-20 00:00:00,1771545600000,567
2026-02-20 01:00:00,1771549200000,566
2026-02-20 02:00:00,1771552800000,564
2026-02-20 03:00:00,1771556400000,494
2026-02-20 04:00:00,1771560000000,490
2026-02-20 05:00:00,1771563600000,491
2026-02-20 06:00:00,1771567200000,490
2026-02-20 07:00:00,1771570800000,489
2026-02-20 08:00:00,1771574400000,
2026-02-20 09:00:00,1771578000000,496
2026-02-20 10:00:00,1771581600000,497
2026-02-20 11:00:00,1771585200000,507
2026-02-20 12:00:00,1771588800000,509
2026-02-20 13:00:00,1771592400000,509
2026-02-20 14:00:00,1771596000000,512
2026-02-20 15:00:00,1771599600000,524
2026-02-20 16:00:00,1771603200000,524
2026-02-20 17:00:00,1771606800000,536
2026-02-20 18:00:00,1771610400000,538
2026-02-20 19:00:00,1771614000000,540
2026-02-20 20:00:00,1771617600000,552
2026-02-20 21:00:00,1771621200000,551
2026-02-20 22:00:00,1771624800000,553
2026-02-20 23:00:00,1771628400000,
2026-02-21 00:00:00,1771632000000,552
2026-02-21 01:00:00,1771635600000,563
2026-02-21 02:00:00,1771639200000,564
2026-02-21 03:00:00,1771642800000,489
2026-02-21 04:00:00,1771646400000,478
2026-02-21 05:00:00,1771650000000,488
2026-02-21 06:00:00,1771653600000,487
2026-02-21 07:00:00,1771657200000,486
2026-02-21 08:00:00,1771660800000,482
2026-02-21 09:00:00,1771664400000,477
2026-02-21 10:00:00,1771668000000,488
2026-02-21 11:00:00,1771671600000,493
2026-02-21 12:00:00,1771675200000,494
2026-02-21 13:00:00,1771678800000,499
2026-02-21 14:00:00,1771682400000,508
2026-02-21 15:00:00,1771686000000,508
2026-02-21 16:00:00,1771689600000,519
2026-02-21 17:00:00,1771693200000,523
2026-02-21 18:00:00,1771696800000,
2026-02-21 19:00:00,1771700400000,537
2026-02-21 20:00:00,1771704000000,536
2026-02-21 21:00:00,1771707600000,536
2026-02-21 22:00:00,1771711200000,537
2026-02-21 23:00:00,1771714800000,541
2026-02-22 00:00:00,1771718400000,552
2026-02-22 01:00:00,1771722000000,550
2026-02-22 02:00:00,1771725600000,548
2026-02-22 03:00:00,1771729200000,
2026-02-22 04:00:00,1771732800000,491
2026-02-22 05:00:00,1771736400000,491
2026-02-22 06:00:00,1771740000000,490
2026-02-22 07:00:00,1771743600000,491
2026-02-22 08:00:00,1771747200000,491
2026-02-22 09:00:00,1771750800000,491
2026-02-22 10:00:00,1771754400000,497
2026-02-22 11:00:00,1771758000000,508
2026-02-22 12:00:00,1771761600000,509
2026-02-22 13:00:00,1771765200000,509
2026-02-22 14:00:00,1771768800000,521
2026-02-22 15:00:00,1771772400000,524
2026-02-22 16:00:00,1771776000000,532
2026-02-22 17:00:00,1771779600000,539
2026-02-22 18:00:00,1771783200000,543
2026-02-22 19:00:00,1771786800000,553
2026-02-22 20:00:00,1771790400000,
2026-02-22 21:00:00,1771794000000,552
2026-02-22 22:00:00,1771797600000,553
2026-02-22 23:00:00,1771801200000,
2026-02-23 00:00:00,1771804800000,552
2026-02-23 01:00:00,1771808400000,551
2026-02-23 02:00:00,1771812000000,560
2026-02-23 03:00:00,1771815600000,494
2026-02-23 04:00:00,1771819200000,489
2026-02-23 05:00:00,1771822800000,491
2026-02-23 06:00:00,1771826400000,491
2026-02-23 07:00:00,1771830000000,490
2026-02-23 08:00:00,1771833600000,493
2026-02-23 09:00:00,1771837200000,501
2026-02-23 10:00:00,1771840800000,505
2026-02-23 11:00:00,1771844400000,508
2026-02-23 12:00:00,1771848000000,509
2026-02-23 13:00:00,1771851600000,509
2026-02-23 14:00:00,1771855200000,521
2026-02-23 15:00:00,1771858800000,524
2026-02-23 16:00:00,1771862400000,
2026-02-23 17:00:00,1771866000000,539
2026-02-23 18:00:00,1771869600000,538
2026-02-23 19:00:00,1771873200000,550
2026-02-23 20:00:00,1771876800000,551
2026-02-23 21:00:00,1771880400000,552
2026-02-23 22:00:00,1771884000000,
2026-02-23 23:00:00,1771887600000,553
2026-02-24 00:00:00,1771891200000,560
2026-02-24 01:00:00,1771894800000,565
2026-02-24 02:00:00,1771898400000,
2026-02-24 03:00:00,1771902000000,494
2026-02-24 04:00:00,1771905600000,491
2026-02-24 05:00:00,1771909200000,491
2026-02-24 06:00:00,1771912800000,489
2026-02-24 07:00:00,1771916400000,470
2026-02-24 08:00:00,1771920000000,444
2026-02-24 09:00:00,1771923600000,447
2026-02-24 10:00:00,1771927200000,445
2026-02-24 11:00:00,1771930800000,451
2026-02-24 12:00:00,1771934400000,489
2026-02-24 13:00:00,1771938000000,509
2026-02-24 14:00:00,1771941600000,522
2026-02-24 15:00:00,1771945200000,524
2026-02-24 16:00:00,1771948800000,532
2026-02-24 17:00:00,1771952400000,
2026-02-24 18:00:00,1771956000000,
2026-02-24 19:00:00,1771959600000,551
2026-02-24 20:00:00,1771963200000,551
2026-02-24 21:00:00,1771966800000,551
2026-02-24 22:00:00,1771970400000,552
2026-02-24 23:00:00,1771974000000,552
2026-02-25 00:00:00,1771977600000,556
2026-02-25 01:00:00,1771981200000,565
2026-02-25 02:00:00,1771984800000,563
2026-02-25 03:00:00,1771988400000,481
2026-02-25 04:00:00,1771992000000,466
2026-02-25 05:00:00,1771995600000,449
2026-02-25 06:00:00,1771999200000,445
2026-02-25 07:00:00,1772002800000,438
2026-02-25 08:00:00,1772006400000,428
2026-02-25 09:00:00,1772010000000,418
2026-02-25 10:00:00,1772013600000,
2026-02-25 11:00:00,1772017200000,439
2026-02-25 12:00:00,1772020800000,480
2026-02-25 13:00:00,1772024400000,502
2026-02-25 14:00:00,1772028000000,
2026-02-25 15:00:00,1772031600000,518
2026-02-25 16:00:00,1772035200000,
2026-02-25 17:00:00,1772038800000,
2026-02-25 18:00:00,1772042400000,538
2026-02-25 19:00:00,1772046000000,
2026-02-25 20:00:00,1772049600000,
2026-02-25 21:00:00,1772053200000,552
2026-02-25 22:00:00,1772056800000,
2026-02-25 23:00:00,1772060400000,
2026-02-26 00:00:00,1772064000000,552
2026-02-26 01:00:00,1772067600000,
2026-02-26 02:00:00,1772071200000,
2026-02-26 03:00:00,1772074800000,495
2026-02-26 04:00:00,1772078400000,
2026-02-26 05:00:00,1772082000000,
2026-02-26 06:00:00,1772085600000,442
2026-02-26 07:00:00,1772089200000,
2026-02-26 08:00:00,1772092800000,
2026-02-26 09:00:00,1772096400000,459
2026-02-26 10:00:00,1772100000000,
2026-02-26 11:00:00,1772103600000,
2026-02-26 12:00:00,1772107200000,485
2026-02-26 13:00:00,1772110800000,
2026-02-26 14:00:00,1772114400000,
2026-02-26 15:00:00,1772118000000,524
2026-02-26 16:00:00,1772121600000,
2026-02-26 17:00:00,1772125200000,
2026-02-26 18:00:00,1772128800000,539
2026-02-26 19:00:00,1772132400000,
2026-02-26 20:00:00,1772136000000,
2026-02-26 21:00:00,1772139600000,551
2026-02-26 22:00:00,1772143200000,
2026-02-26 23:00:00,1772146800000,
2026-02-27 00:00:00,1772150400000,553
2026-02-27 01:00:00,1772154000000,
2026-02-27 02:00:00,1772157600000,
2026-02-27 03:00:00,1772161200000,
2026-02-27 04:00:00,1772164800000,
2026-02-27 05:00:00,1772168400000,
2026-02-27 06:00:00,1772172000000,
2026-02-27 07:00:00,1772175600000,
2026-02-27 08:00:00,1772179200000,
2026-02-27 09:00:00,1772182800000,481
2026-02-27 10:00:00,1772186400000,
2026-02-27 11:00:00,1772190000000,
2026-02-27 12:00:00,1772193600000,490
2026-02-27 13:00:00,1772197200000,
2026-02-27 14:00:00,1772200800000,
2026-02-27 15:00:00,1772204400000,508
2026-02-27 16:00:00,1772208000000,
2026-02-27 17:00:00,1772211600000,
2026-02-27 18:00:00,1772215200000,522
2026-02-27 19:00:00,1772218800000,
2026-02-27 20:00:00,1772222400000,
2026-02-27 21:00:00,1772226000000,519
2026-02-27 22:00:00,1772229600000,
2026-02-27 23:00:00,1772233200000,
2026-02-28 00:00:00,1772236800000,535
2026-02-28 01:00:00,1772240400000,
2026-02-28 02:00:00,1772244000000,
2026-02-28 03:00:00,1772247600000,484
2026-02-28 04:00:00,1772251200000,
2026-02-28 05:00:00,1772254800000,
2026-02-28 06:00:00,1772258400000,486
2026-02-28 07:00:00,1772262000000,
2026-02-28 08:00:00,1772265600000,
2026-02-28 09:00:00,1772269200000,481
2026-02-28 10:00:00,1772272800000,
2026-02-28 11:00:00,1772276400000,492
2026-02-28 12:00:00,1772280000000,
2026-02-28 13:00:00,1772283600000,
2026-02-28 14:00:00,1772287200000,
2026-02-28 15:00:00,1772290800000,503
2026-02-28 16:00:00,1772294400000,
2026-02-28 17:00:00,1772298000000,
2026-02-28 18:00:00,1772301600000,533
2026-02-28 19:00:00,1772305200000,
2026-02-28 20:00:00,1772308800000,
2026-02-28 21:00:00,1772312400000,535
2026-02-28 22:00:00,1772316000000,
2026-02-28 23:00:00,1772319600000,
2026-03-01 00:00:00,1772323200000,536
2026-03-01 01:00:00,1772326800000,
2026-03-01 02:00:00,1772330400000,
2026-03-01 03:00:00,1772334000000,479
2026-03-01 04:00:00,1772337600000,
2026-03-01 05:00:00,1772341200000,
2026-03-01 06:00:00,1772344800000,448
2026-03-01 07:00:00,1772348400000,
2026-03-01 08:00:00,1772352000000,
2026-03-01 09:00:00,1772355600000,431
2026-03-01 10:00:00,1772359200000,
2026-03-01 11:00:00,1772362800000,
2026-03-01 12:00:00,1772366400000,464
2026-03-01 13:00:00,1772370000000,
2026-03-01 14:00:00,1772373600000,
2026-03-01 15:00:00,1772377200000,523
2026-03-01 16:00:00,1772380800000,529
2026-03-01 17:00:00,1772384400000,539
2026-03-01 18:00:00,1772388000000,539
2026-03-01 19:00:00,1772391600000,552
2026-03-01 20:00:00,1772395200000,551
2026-03-01 21:00:00,1772398800000,551
2026-03-01 22:00:00,1772402400000,552
2026-03-01 23:00:00,1772406000000,552
2026-03-02 00:00:00,1772409600000,551
2026-03-02 01:00:00,1772413200000,556
2026-03-02 02:00:00,1772416800000,558
2026-03-02 03:00:00,1772420400000,499
2026-03-02 04:00:00,1772424000000,495
2026-03-02 05:00:00,1772427600000,497
2026-03-02 06:00:00,1772431200000,457
2026-03-02 07:00:00,1772434800000,439
2026-03-02 08:00:00,1772438400000,389
2026-03-02 09:00:00,1772442000000,394
2026-03-02 10:00:00,1772445600000,393
2026-03-02 11:00:00,1772449200000,394
2026-03-02 12:00:00,1772452800000,394
2026-03-02 13:00:00,1772456400000,427
2026-03-02 14:00:00,1772460000000,509
2026-03-02 15:00:00,1772463600000,520
2026-03-02 16:00:00,1772467200000,528
2026-03-02 17:00:00,1772470800000,539
2026-03-02 18:00:00,1772474400000,545
2026-03-02 19:00:00,1772478000000,554
2026-03-02 20:00:00,1772481600000,553
2026-03-02 21:00:00,1772485200000,553
2026-03-02 22:00:00,1772488800000,563
2026-03-02 23:00:00,1772492400000,
2026-03-03 00:00:00,1772496000000,568
2026-03-03 01:00:00,1772499600000,572
2026-03-03 02:00:00,1772503200000,576
2026-03-03 03:00:00,1772506800000,494
2026-03-03 04:00:00,1772510400000,483
2026-03-03 05:00:00,1772514000000,473
2026-03-03 06:00:00,1772517600000,434
2026-03-03 07:00:00,1772521200000,441
2026-03-03 08:00:00,1772524800000,456
2026-03-03 09:00:00,1772528400000,462
2026-03-03 10:00:00,1772532000000,476
2026-03-03 11:00:00,1772535600000,454
2026-03-03 12:00:00,1772539200000,
2026-03-03 13:00:00,1772542800000,
2026-03-03 14:00:00,1772546400000,493
2026-03-03 15:00:00,1772550000000,509
2026-03-03 16:00:00,1772553600000,522
2026-03-03 17:00:00,1772557200000,523
2026-03-03 18:00:00,1772560800000,536
2026-03-03 19:00:00,1772564400000,
2026-03-03 20:00:00,1772568000000,536
2026-03-03 21:00:00,1772571600000,536
2026-03-03 22:00:00,1772575200000,537
2026-03-03 23:00:00,1772578800000,
2026-03-04 00:00:00,1772582400000,551
2026-03-04 01:00:00,1772586000000,549
2026-03-04 02:00:00,1772589600000,545
2026-03-04 03:00:00,1772593200000,478
2026-03-04 04:00:00,1772596800000,478
2026-03-04 05:00:00,1772600400000,483
2026-03-04 06:00:00,1772604000000,438
2026-03-04 07:00:00,1772607600000,454
2026-03-04 08:00:00,1772611200000,449
2026-03-04 09:00:00,1772614800000,
2026-03-04 10:00:00,1772618400000,479
2026-03-04 11:00:00,1772622000000,454
2026-03-04 12:00:00,1772625600000,439
2026-03-04 13:00:00,1772629200000,418
2026-03-04 14:00:00,1772632800000,
2026-03-04 15:00:00,1772636400000,486
2026-03-04 16:00:00,1772640000000,495
2026-03-04 17:00:00,1772643600000,506
2026-03-04 18:00:00,1772647200000,506
2026-03-04 19:00:00,1772650800000,506
2026-03-04 20:00:00,1772654400000,505
2026-03-04 21:00:00,1772658000000,506
2026-03-04 22:00:00,1772661600000,507
2026-03-04 23:00:00,1772665200000,520
2026-03-05 00:00:00,1772668800000,520
2026-03-05 01:00:00,1772672400000,519
2026-03-05 02:00:00,1772676000000,518
2026-03-05 03:00:00,1772679600000,480
2026-03-05 04:00:00,1772683200000,466
2026-03-05 05:00:00,1772686800000,474
2026-03-05 06:00:00,1772690400000,473
2026-03-05 07:00:00,1772694000000,471
2026-03-05 08:00:00,1772697600000,437
2026-03-05 09:00:00,1772701200000,447
2026-03-05 10:00:00,1772704800000,464
2026-03-05 11:00:00,1772708400000,453
2026-03-05 12:00:00,1772712000000,454
2026-03-05 13:00:00,1772715600000,459
2026-03-05 14:00:00,1772719200000,468
2026-03-05 15:00:00,1772722800000,478
2026-03-05 16:00:00,1772726400000,491
2026-03-05 17:00:00,1772730000000,490
2026-03-05 18:00:00,1772733600000,490
2026-03-05 19:00:00,1772737200000,490
2026-03-05 20:00:00,1772740800000,489
2026-03-05 21:00:00,1772744400000,489
2026-03-05 22:00:00,1772748000000,492
2026-03-05 23:00:00,1772751600000,503
2026-03-06 00:00:00,1772755200000,506
2026-03-06 01:00:00,1772758800000,505
2026-03-06 02:00:00,1772762400000,503
2026-03-06 03:00:00,1772766000000,455
2026-03-06 04:00:00,1772769600000,441
2026-03-06 05:00:00,1772773200000,446
2026-03-06 06:00:00,1772776800000,438
2026-03-06 07:00:00,1772780400000,434
2026-03-06 08:00:00,1772784000000,426
2026-03-06 09:00:00,1772787600000,424
2026-03-06 10:00:00,1772791200000,424
2026-03-06 11:00:00,1772794800000,433
2026-03-06 12:00:00,1772798400000,433
2026-03-06 13:00:00,1772802000000,442
2026-03-06 14:00:00,1772805600000,441
2026-03-06 15:00:00,1772809200000,444
2026-03-06 16:00:00,1772812800000,454
2026-03-06 17:00:00,1772816400000,461
2026-03-06 18:00:00,1772820000000,460
2026-03-06 19:00:00,1772823600000,466
2026-03-06 20:00:00,1772827200000,477
2026-03-06 21:00:00,1772830800000,485
2026-03-06 22:00:00,1772834400000,496
2026-03-06 23:00:00,1772838000000,508
2026-03-07 00:00:00,1772841600000,516
2026-03-07 01:00:00,1772845200000,521
2026-03-07 02:00:00,1772848800000,519
2026-03-07 03:00:00,1772852400000,482
2026-03-07 04:00:00,1772856000000,477
2026-03-07 05:00:00,1772859600000,487
2026-03-07 06:00:00,1772863200000,485
2026-03-07 07:00:00,1772866800000,485
2026-03-07 08:00:00,1772870400000,477
2026-03-07 09:00:00,1772874000000,467
2026-03-07 10:00:00,1772877600000,
2026-03-07 11:00:00,1772881200000,480
2026-03-07 12:00:00,1772884800000,
2026-03-07 13:00:00,1772888400000,473
2026-03-07 14:00:00,1772892000000,
2026-03-07 15:00:00,1772895600000,521
2026-03-07 16:00:00,1772899200000,
2026-03-07 17:00:00,1772902800000,534
2026-03-07 18:00:00,1772906400000,539
2026-03-07 19:00:00,1772910000000,542
2026-03-07 20:00:00,1772913600000,552
2026-03-07 21:00:00,1772917200000,550
2026-03-07 22:00:00,1772920800000,550
2026-03-07 23:00:00,1772924400000,551
2026-03-08 00:00:00,1772928000000,550
2026-03-08 01:00:00,1772931600000,548
2026-03-08 02:00:00,1772935200000,545
2026-03-08 03:00:00,1772938800000,481
2026-03-08 04:00:00,1772942400000,492
2026-03-08 05:00:00,1772946000000,479
2026-03-08 06:00:00,1772949600000,454
2026-03-08 07:00:00,1772953200000,470
2026-03-08 08:00:00,1772956800000,504
2026-03-08 09:00:00,1772960400000,494
2026-03-08 10:00:00,1772964000000,477
2026-03-08 11:00:00,1772967600000,475
2026-03-08 12:00:00,1772971200000,462
2026-03-08 13:00:00,1772974800000,480
2026-03-08 14:00:00,1772978400000,491
2026-03-08 15:00:00,1772982000000,518
2026-03-08 16:00:00,1772985600000,528
2026-03-08 17:00:00,1772989200000,539
2026-03-08 18:00:00,1772992800000,544
2026-03-08 19:00:00,1772996400000,553
2026-03-08 20:00:00,1773000000000,551
2026-03-08 21:00:00,1773003600000,550
2026-03-08 22:00:00,1773007200000,551
2026-03-08 23:00:00,1773010800000,550
2026-03-09 00:00:00,1773014400000,550
2026-03-09 01:00:00,1773018000000,548
2026-03-09 02:00:00,1773021600000,545
2026-03-09 03:00:00,1773025200000,493
2026-03-09 04:00:00,1773028800000,489
2026-03-09 05:00:00,1773032400000,488
2026-03-09 06:00:00,1773036000000,445
2026-03-09 07:00:00,1773039600000,450
2026-03-09 08:00:00,1773043200000,451
2026-03-09 09:00:00,1773046800000,467
2026-03-09 10:00:00,1773050400000,452
2026-03-09 11:00:00,1773054000000,434
2026-03-09 12:00:00,1773057600000,396
2026-03-09 13:00:00,1773061200000,407
2026-03-09 14:00:00,1773064800000,423
2026-03-09 15:00:00,1773068400000,456
2026-03-09 16:00:00,1773072000000,483
2026-03-09 17:00:00,1773075600000,481
2026-03-09 18:00:00,1773079200000,475
2026-03-09 19:00:00,1773082800000,475
2026-03-09 20:00:00,1773086400000,490
2026-03-09 21:00:00,1773090000000,505
2026-03-09 22:00:00,1773093600000,508
2026-03-09 23:00:00,1773097200000,517
2026-03-10 00:00:00,1773100800000,523
2026-03-10 01:00:00,1773104400000,533
2026-03-10 02:00:00,1773108000000,535
2026-03-10 03:00:00,1773111600000,479
2026-03-10 04:00:00,1773115200000,475
2026-03-10 05:00:00,1773118800000,483
2026-03-10 06:00:00,1773122400000,485
2026-03-10 07:00:00,1773126000000,441
2026-03-10 08:00:00,1773129600000,429
2026-03-10 09:00:00,1773133200000,429
2026-03-10 10:00:00,1773136800000,429
2026-03-10 11:00:00,1773140400000,430
2026-03-10 12:00:00,1773144000000,432
2026-03-10 13:00:00,1773147600000,489
2026-03-10 14:00:00,1773151200000,490
2026-03-10 15:00:00,1773154800000,493
2026-03-10 16:00:00,1773158400000,491
2026-03-10 17:00:00,1773162000000,496
2026-03-10 18:00:00,1773165600000,505
2026-03-10 19:00:00,1773169200000,505
2026-03-10 20:00:00,1773172800000,506
2026-03-10 21:00:00,1773176400000,505
2026-03-10 22:00:00,1773180000000,515
2026-03-10 23:00:00,1773183600000,522
2026-03-11 00:00:00,1773187200000,521
2026-03-11 01:00:00,1773190800000,525
2026-03-11 02:00:00,1773194400000,532
2026-03-11 03:00:00,1773198000000,484
2026-03-11 04:00:00,1773201600000,469
2026-03-11 05:00:00,1773205200000,448
2026-03-11 06:00:00,1773208800000,446
2026-03-11 07:00:00,1773212400000,445
2026-03-11 08:00:00,1773216000000,411
2026-03-11 09:00:00,1773219600000,403
2026-03-11 10:00:00,1773223200000,399
2026-03-11 11:00:00,1773226800000,401
2026-03-11 12:00:00,1773230400000,402
2026-03-11 13:00:00,1773234000000,439
2026-03-11 14:00:00,1773237600000,487
2026-03-11 15:00:00,1773241200000,490
2026-03-11 16:00:00,1773244800000,502
2026-03-11 17:00:00,1773248400000,523
2026-03-11 18:00:00,1773252000000,522
2026-03-11 19:00:00,1773255600000,523
2026-03-11 20:00:00,1773259200000,517
2026-03-11 21:00:00,1773262800000,525
2026-03-11 22:00:00,1773266400000,539
2026-03-11 23:00:00,1773270000000,538
2026-03-12 00:00:00,1773273600000,539
2026-03-12 01:00:00,1773277200000,552
2026-03-12 02:00:00,1773280800000,550
2026-03-12 03:00:00,1773284400000,505
2026-03-12 04:00:00,1773288000000,489
2026-03-12 05:00:00,1773291600000,442
2026-03-12 06:00:00,1773295200000,431
2026-03-12 07:00:00,1773298800000,430
2026-03-12 08:00:00,1773302400000,438
2026-03-12 09:00:00,1773306000000,433
2026-03-12 10:00:00,1773309600000,440
2026-03-12 11:00:00,1773313200000,450
2026-03-12 12:00:00,1773316800000,511
2026-03-12 13:00:00,1773320400000,522
2026-03-12 14:00:00,1773324000000,488
2026-03-12 15:00:00,1773327600000,482
2026-03-12 16:00:00,1773331200000,485
2026-03-12 17:00:00,1773334800000,496
2026-03-12 18:00:00,1773338400000,525
2026-03-12 19:00:00,1773342000000,536
2026-03-12 20:00:00,1773345600000,536
2026-03-12 21:00:00,1773349200000,537
2026-03-12 22:00:00,1773352800000,537
2026-03-12 23:00:00,1773356400000,549
2026-03-13 00:00:00,1773360000000,553
2026-03-13 01:00:00,1773363600000,552
2026-03-13 02:00:00,1773367200000,551
2026-03-13 03:00:00,1773370800000,556
2026-03-13 04:00:00,1773374400000,554
2026-03-13 05:00:00,1773378000000,553
2026-03-13 06:00:00,1773381600000,564
2026-03-13 07:00:00,1773385200000,570
2026-03-13 08:00:00,1773388800000,569
2026-03-13 09:00:00,1773392400000,535
2026-03-13 10:00:00,1773396000000,483
2026-03-13 11:00:00,1773399600000,524
2026-03-13 12:00:00,1773403200000,587
2026-03-13 13:00:00,1773406800000,589
2026-03-13 14:00:00,1773410400000,600
2026-03-13 15:00:00,1773414000000,611
2026-03-13 16:00:00,1773417600000,650
2026-03-13 17:00:00,1773421200000,669
2026-03-13 18:00:00,1773424800000,683
2026-03-13 19:00:00,1773428400000,696
2026-03-13 20:00:00,1773432000000,715
2026-03-13 21:00:00,1773435600000,765
2026-03-13 22:00:00,1773439200000,800
2026-03-13 23:00:00,1773442800000,868
2026-03-14 00:00:00,1773446400000,944
2026-03-14 01:00:00,1773450000000,977
2026-03-14 02:00:00,1773453600000,986
2026-03-14 03:00:00,1773457200000,607
2026-03-14 04:00:00,1773460800000,614
2026-03-14 05:00:00,1773464400000,614
2026-03-14 06:00:00,1773468000000,607
2026-03-14 07:00:00,1773471600000,660
2026-03-14 08:00:00,1773475200000,676
2026-03-14 09:00:00,1773478800000,689
2026-03-14 10:00:00,1773482400000,691
2026-03-14 11:00:00,1773486000000,692
2026-03-14 12:00:00,1773489600000,706
2026-03-14 13:00:00,1773493200000,713
2026-03-14 14:00:00,1773496800000,742
2026-03-14 15:00:00,1773500400000,765
2026-03-14 16:00:00,1773504000000,783
2026-03-14 17:00:00,1773507600000,795
2026-03-14 18:00:00,1773511200000,805
2026-03-14 19:00:00,1773514800000,808
2026-03-14 20:00:00,1773518400000,812
2026-03-14 21:00:00,1773522000000,817
2026-03-14 22:00:00,1773525600000,780
2026-03-14 23:00:00,1773529200000,779
2026-03-15 00:00:00,1773532800000,806
2026-03-15 01:00:00,1773536400000,771
2026-03-15 02:00:00,1773540000000,705
2026-03-15 03:00:00,1773543600000,586
2026-03-15 04:00:00,1773547200000,597
2026-03-15 05:00:00,1773550800000,590
2026-03-15 06:00:00,1773554400000,590
2026-03-15 07:00:00,1773558000000,613
2026-03-15 08:00:00,1773561600000,643
2026-03-15 09:00:00,1773565200000,643
2026-03-15 10:00:00,1773568800000,648
2026-03-15 11:00:00,1773572400000,661
2026-03-15 12:00:00,1773576000000,662
2026-03-15 13:00:00,1773579600000,675
2026-03-15 14:00:00,1773583200000,680
2026-03-15 15:00:00,1773586800000,690
2026-03-15 16:00:00,1773590400000,695
2026-03-15 17:00:00,1773594000000,705
2026-03-15 18:00:00,1773597600000,701
2026-03-15 19:00:00,1773601200000,656
2026-03-15 20:00:00,1773604800000,634
2026-03-15 21:00:00,1773608400000,615
2026-03-15 22:00:00,1773612000000,608
2026-03-15 23:00:00,1773615600000,583
2026-03-16 00:00:00,1773619200000,514
2026-03-16 01:00:00,1773622800000,517
2026-03-16 02:00:00,1773626400000,535
2026-03-16 03:00:00,1773630000000,512
2026-03-16 04:00:00,1773633600000,509
2026-03-16 05:00:00,1773637200000,520
2026-03-16 06:00:00,1773640800000,523
2026-03-16 07:00:00,1773644400000,522
2026-03-16 08:00:00,1773648000000,522
2026-03-16 09:00:00,1773651600000,523
2026-03-16 10:00:00,1773655200000,521
2026-03-16 11:00:00,1773658800000,526
2026-03-16 12:00:00,1773662400000,535
2026-03-16 13:00:00,1773666000000,537
2026-03-16 14:00:00,1773669600000,535
2026-03-16 15:00:00,1773673200000,538
2026-03-16 16:00:00,1773676800000,537
2026-03-16 17:00:00,1773680400000,537
2026-03-16 18:00:00,1773684000000,541
2026-03-16 19:00:00,1773687600000,549
2026-03-16 20:00:00,1773691200000,550
2026-03-16 21:00:00,1773694800000,552
2026-03-16 22:00:00,1773698400000,553
2026-03-16 23:00:00,1773702000000,560
2026-03-17 00:00:00,1773705600000,567
2026-03-17 01:00:00,1773709200000,572
2026-03-17 02:00:00,1773712800000,581
2026-03-17 03:00:00,1773716400000,509
2026-03-17 04:00:00,1773720000000,506
2026-03-17 05:00:00,1773723600000,506
2026-03-17 06:00:00,1773727200000,518
2026-03-17 07:00:00,1773730800000,519
2026-03-17 08:00:00,1773734400000,519
2026-03-17 09:00:00,1773738000000,511
2026-03-17 10:00:00,1773741600000,
2026-03-17 11:00:00,1773745200000,510
2026-03-17 12:00:00,1773748800000,522
2026-03-17 13:00:00,1773752400000,523
2026-03-17 14:00:00,1773756000000,522
2026-03-17 15:00:00,1773759600000,525
2026-03-17 16:00:00,1773763200000,537
2026-03-17 17:00:00,1773766800000,537
2026-03-17 18:00:00,1773770400000,537
2026-03-17 19:00:00,1773774000000,537
2026-03-17 20:00:00,1773777600000,549
2026-03-17 21:00:00,1773781200000,551
2026-03-17 22:00:00,1773784800000,552
2026-03-17 23:00:00,1773788400000,554
2026-03-18 00:00:00,1773792000000,567
2026-03-18 01:00:00,1773795600000,567
2026-03-18 02:00:00,1773799200000,565
2026-03-18 03:00:00,1773802800000,504
2026-03-18 04:00:00,1773806400000,505
2026-03-18 05:00:00,1773810000000,507
2026-03-18 06:00:00,1773813600000,512
2026-03-18 07:00:00,1773817200000,520
2026-03-18 08:00:00,1773820800000,517
2026-03-18 09:00:00,1773824400000,513
2026-03-18 10:00:00,1773828000000,498
2026-03-18 11:00:00,1773831600000,505
2026-03-18 12:00:00,1773835200000,520
2026-03-18 13:00:00,1773838800000,519
2026-03-18 14:00:00,1773842400000,519
2026-03-18 15:00:00,1773846000000,500
2026-03-18 16:00:00,1773849600000,525
2026-03-18 17:00:00,1773853200000,537
2026-03-18 18:00:00,1773856800000,537
2026-03-18 19:00:00,1773860400000,539
2026-03-18 20:00:00,1773864000000,551
2026-03-18 21:00:00,1773867600000,551
2026-03-18 22:00:00,1773871200000,552
2026-03-18 23:00:00,1773874800000,552
2026-03-19 00:00:00,1773878400000,563
2026-03-19 01:00:00,1773882000000,566
2026-03-19 02:00:00,1773885600000,564
2026-03-19 03:00:00,1773889200000,505
2026-03-19 04:00:00,1773892800000,500
2026-03-19 05:00:00,1773896400000,506
2026-03-19 06:00:00,1773900000000,505
2026-03-19 07:00:00,1773903600000,502
2026-03-19 08:00:00,1773907200000,501
2026-03-19 09:00:00,1773910800000,497
2026-03-19 10:00:00,1773914400000,495
2026-03-19 11:00:00,1773918000000,505
2026-03-19 12:00:00,1773921600000,508
2026-03-19 13:00:00,1773925200000,521
2026-03-19 14:00:00,1773928800000,522
2026-03-19 15:00:00,1773932400000,506
2026-03-19 16:00:00,1773936000000,520
2026-03-19 17:00:00,1773939600000,521
2026-03-19 18:00:00,1773943200000,521
2026-03-19 19:00:00,1773946800000,535
2026-03-19 20:00:00,1773950400000,536
2026-03-19 21:00:00,1773954000000,536
2026-03-19 22:00:00,1773957600000,538
2026-03-19 23:00:00,1773961200000,549
2026-03-20 00:00:00,1773964800000,552
2026-03-20 01:00:00,1773968400000,551
2026-03-20 02:00:00,1773972000000,549
2026-03-20 03:00:00,1773975600000,484
2026-03-20 04:00:00,1773979200000,483
2026-03-20 05:00:00,1773982800000,489
2026-03-20 06:00:00,1773986400000,489
2026-03-20 07:00:00,1773990000000,487
2026-03-20 08:00:00,1773993600000,487
2026-03-20 09:00:00,1773997200000,476
2026-03-20 10:00:00,1774000800000,469
2026-03-20 11:00:00,1774004400000,467
2026-03-20 12:00:00,1774008000000,486
2026-03-20 13:00:00,1774011600000,491
2026-03-20 14:00:00,1774015200000,
2026-03-20 15:00:00,1774018800000,493
2026-03-20 16:00:00,1774022400000,499
2026-03-20 17:00:00,1774026000000,506
2026-03-20 18:00:00,1774029600000,507
2026-03-20 19:00:00,1774033200000,507
2026-03-20 20:00:00,1774036800000,520
2026-03-20 21:00:00,1774040400000,523
2026-03-20 22:00:00,1774044000000,532
2026-03-20 23:00:00,1774047600000,539
2026-03-21 00:00:00,1774051200000,552
2026-03-21 01:00:00,1774054800000,
2026-03-21 02:00:00,1774058400000,550
2026-03-21 03:00:00,1774062000000,488
2026-03-21 04:00:00,1774065600000,492
2026-03-21 05:00:00,1774069200000,495
2026-03-21 06:00:00,1774072800000,506
2026-03-21 07:00:00,1774076400000,503
2026-03-21 08:00:00,1774080000000,501
2026-03-21 09:00:00,1774083600000,502
2026-03-21 10:00:00,1774087200000,509
2026-03-21 11:00:00,1774090800000,513
2026-03-21 12:00:00,1774094400000,526
2026-03-21 13:00:00,1774098000000,533
2026-03-21 14:00:00,1774101600000,540
2026-03-21 15:00:00,1774105200000,
2026-03-21 16:00:00,1774108800000,555
2026-03-21 17:00:00,1774112400000,555
2026-03-21 18:00:00,1774116000000,558
2026-03-21 19:00:00,1774119600000,567
2026-03-21 20:00:00,1774123200000,567
2026-03-21 21:00:00,1774126800000,567
2026-03-21 22:00:00,1774130400000,
2026-03-21 23:00:00,1774134000000,
2026-03-22 00:00:00,1774137600000,
2026-03-22 01:00:00,1774141200000,565
2026-03-22 02:00:00,1774144800000,563
2026-03-22 03:00:00,1774148400000,499
2026-03-22 04:00:00,1774152000000,496
2026-03-22 05:00:00,1774155600000,506
2026-03-22 06:00:00,1774159200000,505
2026-03-22 07:00:00,1774162800000,505
2026-03-22 08:00:00,1774166400000,504
2026-03-22 09:00:00,1774170000000,504
2026-03-22 10:00:00,1774173600000,508
2026-03-22 11:00:00,1774177200000,518
2026-03-22 12:00:00,1774180800000,525
2026-03-22 13:00:00,1774184400000,533
2026-03-22 14:00:00,1774188000000,539
2026-03-22 15:00:00,1774191600000,541
2026-03-22 16:00:00,1774195200000,554
2026-03-22 17:00:00,1774198800000,554
2026-03-22 18:00:00,1774202400000,565
2026-03-22 19:00:00,1774206000000,567
2026-03-22 20:00:00,1774209600000,566
2026-03-22 21:00:00,1774213200000,565
2026-03-22 22:00:00,1774216800000,566
2026-03-22 23:00:00,1774220400000,565
2026-03-23 00:00:00,1774224000000,565
2026-03-23 01:00:00,1774227600000,563
2026-03-23 02:00:00,1774231200000,558
2026-03-23 03:00:00,1774234800000,489
2026-03-23 04:00:00,1774238400000,494
2026-03-23 05:00:00,1774242000000,491
2026-03-23 06:00:00,1774245600000,492
2026-03-23 07:00:00,1774249200000,502
2026-03-23 08:00:00,1774252800000,502
2026-03-23 09:00:00,1774256400000,485
2026-03-23 10:00:00,1774260000000,473
2026-03-23 11:00:00,1774263600000,463
2026-03-23 12:00:00,1774267200000,469
2026-03-23 13:00:00,1774270800000,472
2026-03-23 14:00:00,1774274400000,470
