时间,价格
2025-09-08 21:00:00,440
2025-09-08 22:00:00,449
2025-09-08 23:00:00,432
2025-09-09 00:00:00,449
2025-09-09 01:00:00,449
2025-09-09 02:00:00,449
2025-09-09 03:00:00,432
2025-09-09 04:00:00,432
2025-09-09 05:00:00,414
2025-09-09 06:00:00,449
2025-09-09 07:00:00,414
2025-09-09 08:00:00,475
2025-09-09 09:00:00,449
2025-09-09 10:00:00,423
2025-09-09 11:00:00,414
2025-09-09 12:00:00,475
2025-09-09 13:00:00,432
2025-09-09 14:00:00,467
2025-09-09 15:00:00,449
2025-09-09 16:00:00,414
2025-09-09 17:00:00,414
2025-09-09 18:00:00,414
2025-09-09 19:00:00,414
2025-09-09 20:00:00,414
2025-09-09 21:00:00,432
2025-09-09 22:00:00,423
2025-09-09 23:00:00,414
2025-09-10 00:00:00,440
2025-09-10 01:00:00,423
2025-09-10 02:00:00,414
2025-09-10 03:00:00,414
2025-09-10 04:00:00,449
2025-09-10 05:00:00,423
2025-09-10 06:00:00,440
2025-09-10 07:00:00,414
2025-09-10 08:00:00,449
2025-09-10 09:00:00,414
2025-09-10 10:00:00,440
2025-09-10 11:00:00,449
2025-09-10 12:00:00,449
2025-09-10 13:00:00,414
2025-09-10 14:00:00,432
2025-09-10 15:00:00,423
2025-09-10 16:00:00,449
2025-09-10 17:00:00,414
2025-09-10 18:00:00,414
2025-09-10 19:00:00,449
2025-09-10 20:00:00,467
2025-09-10 21:00:00,432
2025-09-10 22:00:00,449
2025-09-10 23:00:00,414
2025-09-11 00:00:00,414
2025-09-11 01:00:00,449
2025-09-11 02:00:00,414
2025-09-11 03:00:00,432
2025-09-11 04:00:00,414
2025-09-11 05:00:00,423
2025-09-11 06:00:00,414
2025-09-11 07:00:00,414
2025-09-11 08:00:00,440
2025-09-11 09:00:00,423
2025-09-11 10:00:00,432
2025-09-11 11:00:00,458
2025-09-11 12:00:00,449
2025-09-11 13:00:00,475
2025-09-11 14:00:00,449
2025-09-11 15:00:00,432
2025-09-11 16:00:00,440
2025-09-11 17:00:00,449
2025-09-11 18:00:00,458
2025-09-11 19:00:00,449
2025-09-11 20:00:00,449
2025-09-11 21:00:00,449
2025-09-11 22:00:00,449
2025-09-11 23:00:00,423
2025-09-12 00:00:00,449
2025-09-12 01:00:00,440
2025-09-12 02:00:00,432
2025-09-12 03:00:00,414
2025-09-12 04:00:00,423
2025-09-12 05:00:00,440
2025-09-12 06:00:00,432
2025-09-12 07:00:00,467
2025-09-12 08:00:00,432
2025-09-12 09:00:00,449
2025-09-12 10:00:00,423
2025-09-12 11:00:00,414
2025-09-12 12:00:00,449
2025-09-12 13:00:00,432
2025-09-12 14:00:00,440
2025-09-12 15:00:00,423
2025-09-12 16:00:00,449
2025-09-12 17:00:00,449
2025-09-12 18:00:00,449
2025-09-12 19:00:00,449
2025-09-12 20:00:00,432
2025-09-12 21:00:00,458
2025-09-12 22:00:00,458
2025-09-12 23:00:00,449
2025-09-13 00:00:00,423
2025-09-13 01:00:00,414
2025-09-13 02:00:00,484
2025-09-13 03:00:00,449
2025-09-13 04:00:00,484
2025-09-13 05:00:00,432
2025-09-13 06:00:00,423
2025-09-13 07:00:00,432
2025-09-13 08:00:00,475
2025-09-13 09:00:00,502
2025-09-13 10:00:00,493
2025-09-13 11:00:00,484
2025-09-13 12:00:00,467
2025-09-13 13:00:00,458
2025-09-13 14:00:00,458
2025-09-13 15:00:00,484
2025-09-13 16:00:00,467
2025-09-13 17:00:00,484
2025-09-13 18:00:00,484
2025-09-13 19:00:00,449
2025-09-13 20:00:00,467
2025-09-13 21:00:00,458
2025-09-13 22:00:00,484
2025-09-13 23:00:00,475
2025-09-14 00:00:00,449
2025-09-14 01:00:00,484
2025-09-14 02:00:00,475
2025-09-14 03:00:00,467
2025-09-14 04:00:00,493
2025-09-14 05:00:00,449
2025-09-14 06:00:00,475
2025-09-14 07:00:00,467
2025-09-14 08:00:00,475
2025-09-14 09:00:00,484
2025-09-14 10:00:00,484
2025-09-14 11:00:00,510
2025-09-14 12:00:00,484
2025-09-14 13:00:00,519
2025-09-14 14:00:00,458
2025-09-14 15:00:00,484
2025-09-14 16:00:00,467
2025-09-14 17:00:00,458
2025-09-14 18:00:00,449
2025-09-14 19:00:00,449
2025-09-14 20:00:00,458
2025-09-14 21:00:00,467
2025-09-14 22:00:00,449
2025-09-14 23:00:00,449
2025-09-15 00:00:00,423
2025-09-15 01:00:00,414
2025-09-15 02:00:00,475
2025-09-15 03:00:00,449
2025-09-15 04:00:00,458
2025-09-15 05:00:00,502
2025-09-15 06:00:00,449
2025-09-15 07:00:00,414
2025-09-15 08:00:00,449
2025-09-15 09:00:00,449
2025-09-15 10:00:00,449
2025-09-15 11:00:00,432
2025-09-15 12:00:00,467
2025-09-15 13:00:00,458
2025-09-15 14:00:00,414
2025-09-15 15:00:00,414
2025-09-15 16:00:00,440
2025-09-15 17:00:00,414
2025-09-15 18:00:00,423
2025-09-15 19:00:00,423
2025-09-15 20:00:00,467
2025-09-15 21:00:00,484
2025-09-15 22:00:00,449
2025-09-15 23:00:00,449
2025-09-16 00:00:00,467
2025-09-16 01:00:00,467
2025-09-16 02:00:00,467
2025-09-16 03:00:00,414
2025-09-16 04:00:00,414
2025-09-16 05:00:00,502
2025-09-16 06:00:00,414
2025-09-16 07:00:00,423
2025-09-16 08:00:00,449
2025-09-16 09:00:00,440
2025-09-16 10:00:00,449
2025-09-16 11:00:00,414
2025-09-16 12:00:00,449
2025-09-16 13:00:00,449
2025-09-16 14:00:00,432
2025-09-16 15:00:00,467
2025-09-16 16:00:00,440
2025-09-16 17:00:00,449
2025-09-16 18:00:00,475
2025-09-16 19:00:00,449
2025-09-16 20:00:00,475
2025-09-16 21:00:00,510
2025-09-16 22:00:00,484
2025-09-16 23:00:00,484
2025-09-17 00:00:00,458
2025-09-17 01:00:00,458
2025-09-17 02:00:00,449
2025-09-17 03:00:00,449
2025-09-17 04:00:00,449
2025-09-17 05:00:00,519
2025-09-17 06:00:00,502
2025-09-17 07:00:00,449
2025-09-17 08:00:00,449
2025-09-17 09:00:00,467
2025-09-17 10:00:00,484
2025-09-17 11:00:00,484
2025-09-17 12:00:00,484
2025-09-17 13:00:00,475
2025-09-17 14:00:00,484
2025-09-17 15:00:00,519
2025-09-17 16:00:00,519
2025-09-17 17:00:00,519
2025-09-17 18:00:00,519
2025-09-17 19:00:00,589
2025-09-17 20:00:00,624
2025-09-17 21:00:00,624
2025-09-17 22:00:00,624
2025-09-17 23:00:00,589
2025-09-18 00:00:00,589
2025-09-18 01:00:00,580
2025-09-18 02:00:00,572
2025-09-18 03:00:00,563
2025-09-18 04:00:00,554
2025-09-18 05:00:00,563
2025-09-18 06:00:00,589
2025-09-18 07:00:00,484
2025-09-18 08:00:00,484
2025-09-18 09:00:00,589
2025-09-18 10:00:00,589
2025-09-18 11:00:00,572
2025-09-18 12:00:00,624
2025-09-18 13:00:00,624
2025-09-18 14:00:00,624
2025-09-18 15:00:00,624
2025-09-18 16:00:00,624
2025-09-18 17:00:00,624
2025-09-18 18:00:00,624
2025-09-18 19:00:00,642
2025-09-18 20:00:00,668
2025-09-18 21:00:00,659
2025-09-18 22:00:00,685
2025-09-18 23:00:00,633
2025-09-19 00:00:00,624
2025-09-19 01:00:00,554
2025-09-19 02:00:00,493
2025-09-19 03:00:00,519
2025-09-19 04:00:00,519
2025-09-19 05:00:00,519
2025-09-19 06:00:00,528
2025-09-19 07:00:00,484
2025-09-19 08:00:00,519
2025-09-19 09:00:00,519
2025-09-19 10:00:00,554
2025-09-19 11:00:00,519
2025-09-19 12:00:00,528
2025-09-19 13:00:00,624
2025-09-19 14:00:00,659
2025-09-19 15:00:00,624
2025-09-19 16:00:00,624
2025-09-19 17:00:00,659
2025-09-19 18:00:00,633
2025-09-19 19:00:00,659
2025-09-19 20:00:00,694
2025-09-19 21:00:00,720
2025-09-19 22:00:00,703
2025-09-19 23:00:00,694
2025-09-20 00:00:00,677
2025-09-20 01:00:00,589
2025-09-20 02:00:00,589
2025-09-20 03:00:00,615
2025-09-20 04:00:00,624
2025-09-20 05:00:00,598
2025-09-20 06:00:00,624
2025-09-20 07:00:00,694
2025-09-20 08:00:00,694
2025-09-20 09:00:00,720
2025-09-20 10:00:00,834
2025-09-20 11:00:00,808
2025-09-20 12:00:00,808
2025-09-20 13:00:00,817
2025-09-20 14:00:00,834
2025-09-20 15:00:00,834
2025-09-20 16:00:00,869
2025-09-20 17:00:00,860
2025-09-20 18:00:00,834
2025-09-20 19:00:00,860
2025-09-20 20:00:00,860
2025-09-20 21:00:00,869
2025-09-20 22:00:00,834
2025-09-20 23:00:00,834
2025-09-21 00:00:00,799
2025-09-21 01:00:00,729
2025-09-21 02:00:00,729
2025-09-21 03:00:00,712
2025-09-21 04:00:00,677
2025-09-21 05:00:00,685
2025-09-21 06:00:00,703
2025-09-21 07:00:00,747
2025-09-21 08:00:00,834
2025-09-21 09:00:00,904
2025-09-21 10:00:00,904
2025-09-21 11:00:00,1062
2025-09-21 12:00:00,957
2025-09-21 13:00:00,1009
2025-09-21 14:00:00,974
2025-09-21 15:00:00,965
2025-09-21 16:00:00,983
2025-09-21 17:00:00,974
2025-09-21 18:00:00,965
2025-09-21 19:00:00,904
2025-09-21 20:00:00,887
2025-09-21 21:00:00,887
2025-09-21 22:00:00,869
2025-09-21 23:00:00,773
2025-09-22 00:00:00,624
2025-09-22 01:00:00,685
2025-09-22 02:00:00,685
2025-09-22 03:00:00,668
2025-09-22 04:00:00,659
2025-09-22 05:00:00,537
2025-09-22 06:00:00,580
2025-09-22 07:00:00,607
2025-09-22 08:00:00,510
2025-09-22 09:00:00,554
2025-09-22 10:00:00,545
2025-09-22 11:00:00,510
2025-09-22 12:00:00,519
2025-09-22 13:00:00,519
2025-09-22 14:00:00,493
2025-09-22 15:00:00,484
2025-09-22 16:00:00,502
2025-09-22 17:00:00,493
2025-09-22 18:00:00,510
2025-09-22 19:00:00,519
2025-09-22 20:00:00,519
2025-09-22 21:00:00,519
2025-09-22 22:00:00,519
2025-09-22 23:00:00,519
2025-09-23 00:00:00,519
2025-09-23 01:00:00,519
2025-09-23 02:00:00,484
2025-09-23 03:00:00,519
2025-09-23 04:00:00,493
2025-09-23 05:00:00,519
2025-09-23 06:00:00,493
2025-09-23 07:00:00,519
2025-09-23 08:00:00,519
2025-09-23 09:00:00,519
2025-09-23 10:00:00,519
2025-09-23 11:00:00,519
2025-09-23 12:00:00,694
2025-09-23 13:00:00,677
2025-09-23 14:00:00,659
2025-09-23 15:00:00,685
2025-09-23 16:00:00,677
2025-09-23 17:00:00,659
2025-09-23 18:00:00,659
2025-09-23 19:00:00,685
2025-09-23 20:00:00,619
2025-09-23 21:00:00,642
2025-09-23 22:00:00,663
2025-09-23 23:00:00,670
2025-09-24 00:00:00,659
2025-09-24 01:00:00,668
2025-09-24 02:00:00,635
2025-09-24 03:00:00,599
2025-09-24 04:00:00,595
2025-09-24 05:00:00,586
2025-09-24 06:00:00,593
2025-09-24 07:00:00,599
2025-09-24 08:00:00,607
2025-09-24 09:00:00,606
2025-09-24 10:00:00,623
2025-09-24 11:00:00,634
2025-09-24 12:00:00,667
2025-09-24 13:00:00,669
2025-09-24 14:00:00,677
2025-09-24 15:00:00,836
2025-09-24 16:00:00,855
2025-09-24 17:00:00,857
2025-09-24 18:00:00,805
2025-09-24 19:00:00,769
2025-09-24 20:00:00,768
2025-09-24 21:00:00,795
2025-09-24 22:00:00,834
2025-09-24 23:00:00,830
2025-09-25 00:00:00,821
2025-09-25 01:00:00,769
2025-09-25 02:00:00,700
2025-09-25 03:00:00,676
2025-09-25 04:00:00,696
2025-09-25 05:00:00,683
2025-09-25 06:00:00,687
2025-09-25 07:00:00,660
2025-09-25 08:00:00,678
2025-09-25 09:00:00,684
2025-09-25 10:00:00,693
2025-09-25 11:00:00,690
2025-09-25 12:00:00,692
2025-09-25 13:00:00,702
2025-09-25 14:00:00,714
2025-09-25 15:00:00,774
2025-09-25 16:00:00,804
2025-09-25 17:00:00,768
2025-09-25 18:00:00,733
2025-09-25 19:00:00,728
2025-09-25 20:00:00,744
2025-09-25 21:00:00,772
2025-09-25 22:00:00,792
2025-09-25 23:00:00,817
2025-09-26 00:00:00,810
2025-09-26 01:00:00,806
2025-09-26 02:00:00,768
2025-09-26 03:00:00,631
2025-09-26 04:00:00,641
2025-09-26 05:00:00,624
2025-09-26 06:00:00,632
2025-09-26 07:00:00,614
2025-09-26 08:00:00,635
2025-09-26 09:00:00,649
2025-09-26 10:00:00,615
2025-09-26 11:00:00,599
2025-09-26 12:00:00,638
2025-09-26 13:00:00,596
2025-09-26 14:00:00,577
2025-09-26 15:00:00,624
2025-09-26 16:00:00,701
2025-09-26 17:00:00,799
2025-09-26 18:00:00,673
2025-09-26 19:00:00,716
2025-09-26 20:00:00,763
2025-09-26 21:00:00,786
2025-09-26 22:00:00,842
2025-09-26 23:00:00,906
2025-09-27 00:00:00,879
2025-09-27 01:00:00,872
2025-09-27 02:00:00,815
2025-09-27 03:00:00,739
2025-09-27 04:00:00,732
2025-09-27 05:00:00,728
2025-09-27 06:00:00,751
2025-09-27 07:00:00,712
2025-09-27 08:00:00,705
2025-09-27 09:00:00,792
2025-09-27 10:00:00,866
2025-09-27 11:00:00,1005
2025-09-27 12:00:00,1193
2025-09-27 13:00:00,1186
2025-09-27 14:00:00,1187
2025-09-27 15:00:00,1177
2025-09-27 16:00:00,1189
2025-09-27 17:00:00,1190
2025-09-27 18:00:00,1189
2025-09-27 19:00:00,1176
2025-09-27 20:00:00,1141
2025-09-27 21:00:00,1018
2025-09-27 22:00:00,979
2025-09-27 23:00:00,980
2025-09-28 00:00:00,952
2025-09-28 01:00:00,910
2025-09-28 02:00:00,797
2025-09-28 03:00:00,797
2025-09-28 04:00:00,804
2025-09-28 05:00:00,826
2025-09-28 06:00:00,830
2025-09-28 07:00:00,827
2025-09-28 08:00:00,835
2025-09-28 09:00:00,839
2025-09-28 10:00:00,833
2025-09-28 11:00:00,810
2025-09-28 12:00:00,816
2025-09-28 13:00:00,785
2025-09-28 14:00:00,750
2025-09-28 15:00:00,836
2025-09-28 16:00:00,852
2025-09-28 17:00:00,790
2025-09-28 18:00:00,796
2025-09-28 19:00:00,801
2025-09-28 20:00:00,733
2025-09-28 21:00:00,768
2025-09-28 22:00:00,904
2025-09-28 23:00:00,891
2025-09-29 00:00:00,900
2025-09-29 01:00:00,850
2025-09-29 02:00:00,816
2025-09-29 03:00:00,766
2025-09-29 04:00:00,763
2025-09-29 05:00:00,763
2025-09-29 06:00:00,757
2025-09-29 07:00:00,748
2025-09-29 08:00:00,751
2025-09-29 09:00:00,766
2025-09-29 10:00:00,776
2025-09-29 11:00:00,738
2025-09-29 12:00:00,739
2025-09-29 13:00:00,747
2025-09-29 14:00:00,757
2025-09-29 15:00:00,805
2025-09-29 16:00:00,807
2025-09-29 17:00:00,733
2025-09-29 18:00:00,725
2025-09-29 19:00:00,702
2025-09-29 20:00:00,721
2025-09-29 21:00:00,745
2025-09-29 22:00:00,808
2025-09-29 23:00:00,850
2025-09-30 00:00:00,864
2025-09-30 01:00:00,817
2025-09-30 02:00:00,747
2025-09-30 03:00:00,737
2025-09-30 04:00:00,727
2025-09-30 05:00:00,723
2025-09-30 06:00:00,721
2025-09-30 07:00:00,717
2025-09-30 08:00:00,728
2025-09-30 09:00:00,755
2025-09-30 10:00:00,764
2025-09-30 11:00:00,771
2025-09-30 12:00:00,778
2025-09-30 13:00:00,758
2025-09-30 14:00:00,771
2025-09-30 15:00:00,800
2025-09-30 16:00:00,846
2025-09-30 17:00:00,849
2025-09-30 18:00:00,1009
2025-09-30 19:00:00,867
2025-09-30 20:00:00,913
2025-09-30 21:00:00,1025
2025-09-30 22:00:00,1104
2025-09-30 23:00:00,1143
2025-10-01 00:00:00,1187
2025-10-01 01:00:00,1138
2025-10-01 02:00:00,1028
2025-10-01 03:00:00,963
2025-10-01 04:00:00,940
2025-10-01 05:00:00,919
2025-10-01 06:00:00,899
2025-10-01 07:00:00,888
2025-10-01 08:00:00,907
2025-10-01 09:00:00,965
2025-10-01 10:00:00,1011
2025-10-01 11:00:00,1123
2025-10-01 12:00:00,1201
2025-10-01 13:00:00,1225
2025-10-01 14:00:00,1209
2025-10-01 15:00:00,1189
2025-10-01 16:00:00,1210
2025-10-01 17:00:00,1223
2025-10-01 18:00:00,1209
2025-10-01 19:00:00,1187
2025-10-01 20:00:00,1163
2025-10-01 21:00:00,1068
2025-10-01 22:00:00,1060
2025-10-01 23:00:00,1082
2025-10-02 00:00:00,974
2025-10-02 01:00:00,1003
2025-10-02 02:00:00,936
2025-10-02 03:00:00,938
2025-10-02 04:00:00,920
2025-10-02 05:00:00,897
2025-10-02 06:00:00,908
2025-10-02 07:00:00,886
2025-10-02 08:00:00,907
2025-10-02 09:00:00,941
2025-10-02 10:00:00,979
2025-10-02 11:00:00,1074
2025-10-02 12:00:00,1219
2025-10-02 13:00:00,1186
2025-10-02 14:00:00,1193
2025-10-02 15:00:00,1196
2025-10-02 16:00:00,1226
2025-10-02 17:00:00,1229
2025-10-02 18:00:00,1229
2025-10-02 19:00:00,1246
2025-10-02 20:00:00,1239
2025-10-02 21:00:00,1215
2025-10-02 22:00:00,1225
2025-10-02 23:00:00,1248
2025-10-03 00:00:00,1229
2025-10-03 01:00:00,1163
2025-10-03 02:00:00,1033
2025-10-03 03:00:00,973
2025-10-03 04:00:00,973
2025-10-03 05:00:00,974
2025-10-03 06:00:00,971
2025-10-03 07:00:00,984
2025-10-03 08:00:00,990
2025-10-03 09:00:00,1033
2025-10-03 10:00:00,1061
2025-10-03 11:00:00,1112
2025-10-03 12:00:00,1172
2025-10-03 13:00:00,1197
2025-10-03 14:00:00,1224
2025-10-03 15:00:00,1289
2025-10-03 16:00:00,1247
2025-10-03 17:00:00,1266
2025-10-03 18:00:00,1267
2025-10-03 19:00:00,1295
2025-10-03 20:00:00,1295
2025-10-03 21:00:00,1289
2025-10-03 22:00:00,1280
2025-10-03 23:00:00,1296
2025-10-04 00:00:00,1294
2025-10-04 01:00:00,1264
2025-10-04 02:00:00,1139
2025-10-04 03:00:00,1075
2025-10-04 04:00:00,1076
2025-10-04 05:00:00,1092
2025-10-04 06:00:00,1068
2025-10-04 07:00:00,1056
2025-10-04 08:00:00,1083
2025-10-04 09:00:00,1075
2025-10-04 10:00:00,1135
2025-10-04 11:00:00,1182
2025-10-04 12:00:00,1217
2025-10-04 13:00:00,1246
2025-10-04 14:00:00,1268
2025-10-04 15:00:00,1280
2025-10-04 16:00:00,1302
2025-10-04 17:00:00,1305
2025-10-04 18:00:00,1334
2025-10-04 19:00:00,1334
2025-10-04 20:00:00,1328
2025-10-04 21:00:00,1325
2025-10-04 22:00:00,1330
2025-10-04 23:00:00,1334
2025-10-05 00:00:00,1333
2025-10-05 01:00:00,1304
2025-10-05 02:00:00,1170
2025-10-05 03:00:00,1126
2025-10-05 04:00:00,1144
2025-10-05 05:00:00,1149
2025-10-05 06:00:00,1141
2025-10-05 07:00:00,1135
2025-10-05 08:00:00,1153
2025-10-05 09:00:00,1159
2025-10-05 10:00:00,1192
2025-10-05 11:00:00,1211
2025-10-05 12:00:00,1247
2025-10-05 13:00:00,1277
2025-10-05 14:00:00,1303
2025-10-05 15:00:00,1308
2025-10-05 16:00:00,1339
2025-10-05 17:00:00,1347
2025-10-05 18:00:00,1370
2025-10-05 19:00:00,1368
2025-10-05 20:00:00,1364
2025-10-05 21:00:00,1362
2025-10-05 22:00:00,1366
2025-10-05 23:00:00,1366
2025-10-06 00:00:00,1363
2025-10-06 01:00:00,1339
2025-10-06 02:00:00,1242
2025-10-06 03:00:00,1166
2025-10-06 04:00:00,1156
2025-10-06 05:00:00,1148
2025-10-06 06:00:00,1141
2025-10-06 07:00:00,1124
2025-10-06 08:00:00,1123
2025-10-06 09:00:00,1122
2025-10-06 10:00:00,1189
2025-10-06 11:00:00,1200
2025-10-06 12:00:00,1234
2025-10-06 13:00:00,1261
2025-10-06 14:00:00,1272
2025-10-06 15:00:00,1301
2025-10-06 16:00:00,1359
2025-10-06 17:00:00,1334
2025-10-06 18:00:00,1332
2025-10-06 19:00:00,1327
2025-10-06 20:00:00,1278
2025-10-06 21:00:00,1213
2025-10-06 22:00:00,1221
2025-10-06 23:00:00,1258
2025-10-07 00:00:00,1254
2025-10-07 01:00:00,1159
2025-10-07 02:00:00,1041
2025-10-07 03:00:00,1070
2025-10-07 04:00:00,1072
2025-10-07 05:00:00,1073
2025-10-07 06:00:00,1088
2025-10-07 07:00:00,1040
2025-10-07 08:00:00,1047
2025-10-07 09:00:00,1071
2025-10-07 10:00:00,1071
2025-10-07 11:00:00,1107
2025-10-07 12:00:00,1156
2025-10-07 13:00:00,1194
2025-10-07 14:00:00,1213
2025-10-07 15:00:00,1227
2025-10-07 16:00:00,1232
2025-10-07 17:00:00,1258
2025-10-07 18:00:00,1260
2025-10-07 19:00:00,1257
2025-10-07 20:00:00,1220
2025-10-07 21:00:00,1120
2025-10-07 22:00:00,1085
2025-10-07 23:00:00,1170
2025-10-08 00:00:00,1163
2025-10-08 01:00:00,1074
2025-10-08 02:00:00,982
2025-10-08 03:00:00,990
2025-10-08 04:00:00,1004
2025-10-08 05:00:00,999
2025-10-08 06:00:00,1005
2025-10-08 07:00:00,1022
2025-10-08 08:00:00,1006
2025-10-08 09:00:00,1037
2025-10-08 10:00:00,1079
2025-10-08 11:00:00,1119
2025-10-08 12:00:00,1171
2025-10-08 13:00:00,1198
2025-10-08 14:00:00,1223
2025-10-08 15:00:00,1227
2025-10-08 16:00:00,1151
2025-10-08 17:00:00,1022
2025-10-08 18:00:00,1023
2025-10-08 19:00:00,1030
2025-10-08 20:00:00,964
2025-10-08 21:00:00,900
2025-10-08 22:00:00,921
2025-10-08 23:00:00,885
2025-10-09 00:00:00,848
2025-10-09 01:00:00,789
2025-10-09 02:00:00,780
2025-10-09 03:00:00,804
2025-10-09 04:00:00,852
2025-10-09 05:00:00,839
2025-10-09 06:00:00,811
2025-10-09 07:00:00,809
2025-10-09 08:00:00,826
2025-10-09 09:00:00,824
2025-10-09 10:00:00,809
2025-10-09 11:00:00,804
2025-10-09 12:00:00,785
2025-10-09 13:00:00,800
2025-10-09 14:00:00,743
2025-10-09 15:00:00,755
2025-10-09 16:00:00,784
2025-10-09 17:00:00,696
2025-10-09 18:00:00,699
2025-10-09 19:00:00,704
2025-10-09 20:00:00,723
2025-10-09 21:00:00,701
2025-10-09 22:00:00,729
2025-10-09 23:00:00,743
2025-10-10 00:00:00,735
2025-10-10 01:00:00,707
2025-10-10 02:00:00,678
2025-10-10 03:00:00,667
2025-10-10 04:00:00,690
2025-10-10 05:00:00,657
2025-10-10 06:00:00,677
2025-10-10 07:00:00,664
2025-10-10 08:00:00,659
2025-10-10 09:00:00,693
2025-10-10 10:00:00,682
2025-10-10 11:00:00,689
2025-10-10 12:00:00,670
2025-10-10 13:00:00,667
2025-10-10 14:00:00,647
2025-10-10 15:00:00,705
2025-10-10 16:00:00,779
2025-10-10 17:00:00,709
2025-10-10 18:00:00,684
2025-10-10 19:00:00,695
2025-10-10 20:00:00,698
2025-10-10 21:00:00,705
2025-10-10 22:00:00,733
2025-10-10 23:00:00,799
2025-10-11 00:00:00,787
2025-10-11 01:00:00,723
2025-10-11 02:00:00,666
2025-10-11 03:00:00,666
2025-10-11 04:00:00,694
2025-10-11 05:00:00,682
2025-10-11 06:00:00,673
2025-10-11 07:00:00,671
2025-10-11 08:00:00,665
2025-10-11 09:00:00,674
2025-10-11 10:00:00,657
2025-10-11 11:00:00,660
2025-10-11 12:00:00,655
2025-10-11 13:00:00,679
2025-10-11 14:00:00,638
2025-10-11 15:00:00,678
2025-10-11 16:00:00,692
2025-10-11 17:00:00,651
2025-10-11 18:00:00,667
2025-10-11 19:00:00,687
2025-10-11 20:00:00,702
2025-10-11 21:00:00,759
2025-10-11 22:00:00,912
2025-10-11 23:00:00,969
2025-10-12 00:00:00,978
2025-10-12 01:00:00,940
2025-10-12 02:00:00,930
2025-10-12 03:00:00,854
2025-10-12 04:00:00,852
2025-10-12 05:00:00,840
2025-10-12 06:00:00,853
2025-10-12 07:00:00,858
2025-10-12 08:00:00,854
2025-10-12 09:00:00,864
2025-10-12 10:00:00,923
2025-10-12 11:00:00,970
2025-10-12 12:00:00,979
2025-10-12 13:00:00,980
2025-10-12 14:00:00,974
2025-10-12 15:00:00,956
2025-10-12 16:00:00,967
2025-10-12 17:00:00,977
2025-10-12 18:00:00,973
2025-10-12 19:00:00,939
2025-10-12 20:00:00,893
2025-10-12 21:00:00,847
2025-10-12 22:00:00,868
2025-10-12 23:00:00,871
2025-10-13 00:00:00,806
2025-10-13 01:00:00,750
2025-10-13 02:00:00,744
2025-10-13 03:00:00,765
2025-10-13 04:00:00,780
2025-10-13 05:00:00,746
2025-10-13 06:00:00,773
2025-10-13 07:00:00,781
2025-10-13 08:00:00,768
2025-10-13 09:00:00,771
2025-10-13 10:00:00,762
2025-10-13 11:00:00,759
2025-10-13 12:00:00,760
2025-10-13 13:00:00,750
2025-10-13 14:00:00,729
2025-10-13 15:00:00,762
2025-10-13 16:00:00,776
2025-10-13 17:00:00,745
2025-10-13 18:00:00,731
2025-10-13 19:00:00,722
2025-10-13 20:00:00,731
2025-10-13 21:00:00,757
2025-10-13 22:00:00,764
2025-10-13 23:00:00,772
2025-10-14 00:00:00,783
2025-10-14 01:00:00,724
2025-10-14 02:00:00,693
2025-10-14 03:00:00,700
2025-10-14 04:00:00,716
2025-10-14 05:00:00,694
2025-10-14 06:00:00,693
2025-10-14 07:00:00,694
2025-10-14 08:00:00,699
2025-10-14 09:00:00,717
2025-10-14 10:00:00,705
2025-10-14 11:00:00,700
2025-10-14 12:00:00,700
2025-10-14 13:00:00,706
2025-10-14 14:00:00,712
2025-10-14 15:00:00,730
2025-10-14 16:00:00,718
2025-10-14 17:00:00,695
2025-10-14 18:00:00,685
2025-10-14 19:00:00,685
2025-10-14 20:00:00,696
2025-10-14 21:00:00,696
2025-10-14 22:00:00,718
2025-10-14 23:00:00,787
2025-10-15 00:00:00,800
2025-10-15 01:00:00,771
2025-10-15 02:00:00,688
2025-10-15 03:00:00,694
2025-10-15 04:00:00,691
2025-10-15 05:00:00,689
2025-10-15 06:00:00,683
2025-10-15 07:00:00,686
2025-10-15 08:00:00,675
2025-10-15 09:00:00,687
2025-10-15 10:00:00,692
2025-10-15 11:00:00,687
2025-10-15 12:00:00,703
2025-10-15 13:00:00,694
2025-10-15 14:00:00,679
2025-10-15 15:00:00,718
2025-10-15 16:00:00,739
2025-10-15 17:00:00,689
2025-10-15 18:00:00,700
2025-10-15 19:00:00,699
2025-10-15 20:00:00,702
2025-10-15 21:00:00,734
2025-10-15 22:00:00,789
2025-10-15 23:00:00,830
2025-10-16 00:00:00,828
2025-10-16 01:00:00,768
2025-10-16 02:00:00,702
2025-10-16 03:00:00,693
2025-10-16 04:00:00,700
2025-10-16 05:00:00,686
2025-10-16 06:00:00,679
2025-10-16 07:00:00,685
2025-10-16 08:00:00,701
2025-10-16 09:00:00,725
2025-10-16 10:00:00,711
2025-10-16 11:00:00,692
2025-10-16 12:00:00,710
2025-10-16 13:00:00,694
2025-10-16 14:00:00,695
2025-10-16 15:00:00,783
2025-10-16 16:00:00,751
2025-10-16 17:00:00,717
2025-10-16 18:00:00,712
2025-10-16 19:00:00,720
2025-10-16 20:00:00,726
2025-10-16 21:00:00,753
2025-10-16 22:00:00,846
2025-10-16 23:00:00,858
2025-10-17 00:00:00,851
2025-10-17 01:00:00,801
2025-10-17 02:00:00,748
2025-10-17 03:00:00,710
2025-10-17 04:00:00,702
2025-10-17 05:00:00,712
2025-10-17 06:00:00,712
2025-10-17 07:00:00,692
2025-10-17 08:00:00,715
2025-10-17 09:00:00,740
2025-10-17 10:00:00,738
2025-10-17 11:00:00,716
2025-10-17 12:00:00,719
2025-10-17 13:00:00,706
2025-10-17 14:00:00,703
2025-10-17 15:00:00,733
2025-10-17 16:00:00,745
2025-10-17 17:00:00,723
2025-10-17 18:00:00,730
2025-10-17 19:00:00,743
2025-10-17 20:00:00,774
2025-10-17 21:00:00,800
2025-10-17 22:00:00,867
2025-10-17 23:00:00,874
2025-10-18 00:00:00,873
2025-10-18 01:00:00,834
2025-10-18 02:00:00,785
2025-10-18 03:00:00,760
2025-10-18 04:00:00,755
2025-10-18 05:00:00,739
2025-10-18 06:00:00,725
2025-10-18 07:00:00,722
2025-10-18 08:00:00,699
2025-10-18 09:00:00,749
2025-10-18 10:00:00,793
2025-10-18 11:00:00,860
2025-10-18 12:00:00,923
2025-10-18 13:00:00,1005
2025-10-18 14:00:00,939
2025-10-18 15:00:00,922
2025-10-18 16:00:00,954
2025-10-18 17:00:00,957
2025-10-18 18:00:00,967
2025-10-18 19:00:00,943
2025-10-18 20:00:00,908
2025-10-18 21:00:00,904
2025-10-18 22:00:00,895
2025-10-18 23:00:00,931
2025-10-19 00:00:00,893
2025-10-19 01:00:00,842
2025-10-19 02:00:00,802
2025-10-19 03:00:00,797
2025-10-19 04:00:00,800
2025-10-19 05:00:00,797
2025-10-19 06:00:00,789
2025-10-19 07:00:00,790
2025-10-19 08:00:00,776
2025-10-19 09:00:00,794
2025-10-19 10:00:00,832
2025-10-19 11:00:00,914
2025-10-19 12:00:00,959
2025-10-19 13:00:00,967
2025-10-19 14:00:00,959
2025-10-19 15:00:00,952
2025-10-19 16:00:00,983
2025-10-19 17:00:00,1002
2025-10-19 18:00:00,1056
2025-10-19 19:00:00,956
2025-10-19 20:00:00,971
2025-10-19 21:00:00,957
2025-10-19 22:00:00,977
2025-10-19 23:00:00,973
2025-10-20 00:00:00,938
2025-10-20 01:00:00,870
2025-10-20 02:00:00,786
2025-10-20 03:00:00,800
2025-10-20 04:00:00,795
2025-10-20 05:00:00,785
2025-10-20 06:00:00,793
2025-10-20 07:00:00,787
2025-10-20 08:00:00,789
2025-10-20 09:00:00,771
2025-10-20 10:00:00,774
2025-10-20 11:00:00,771
2025-10-20 12:00:00,766
2025-10-20 13:00:00,773
2025-10-20 14:00:00,764
2025-10-20 15:00:00,791
2025-10-20 16:00:00,812
2025-10-20 17:00:00,758
2025-10-20 18:00:00,745
2025-10-20 19:00:00,756
2025-10-20 20:00:00,757
2025-10-20 21:00:00,783
2025-10-20 22:00:00,821
2025-10-20 23:00:00,874
2025-10-21 00:00:00,871
2025-10-21 01:00:00,794
2025-10-21 02:00:00,731
2025-10-21 03:00:00,736
2025-10-21 04:00:00,749
2025-10-21 05:00:00,730
2025-10-21 06:00:00,719
2025-10-21 07:00:00,739
2025-10-21 08:00:00,719
2025-10-21 09:00:00,736
2025-10-21 10:00:00,736
2025-10-21 11:00:00,742
2025-10-21 12:00:00,733
2025-10-21 13:00:00,738
2025-10-21 14:00:00,723
2025-10-21 15:00:00,755
2025-10-21 16:00:00,759
2025-10-21 17:00:00,713
2025-10-21 18:00:00,726
2025-10-21 19:00:00,730
2025-10-21 20:00:00,732
2025-10-21 21:00:00,730
2025-10-21 22:00:00,767
2025-10-21 23:00:00,806
2025-10-22 00:00:00,784
2025-10-22 01:00:00,743
2025-10-22 02:00:00,723
2025-10-22 03:00:00,726
2025-10-22 04:00:00,725
2025-10-22 05:00:00,733
2025-10-22 06:00:00,743
2025-10-22 07:00:00,725
2025-10-22 08:00:00,744
2025-10-22 09:00:00,711
2025-10-22 10:00:00,730
2025-10-22 11:00:00,721
2025-10-22 12:00:00,729
2025-10-22 13:00:00,728
2025-10-22 14:00:00,724
2025-10-22 15:00:00,761
2025-10-22 16:00:00,755
2025-10-22 17:00:00,720
2025-10-22 18:00:00,727
2025-10-22 19:00:00,729
2025-10-22 20:00:00,725
2025-10-22 21:00:00,738
2025-10-22 22:00:00,776
2025-10-22 23:00:00,839
2025-10-23 00:00:00,764
2025-10-23 01:00:00,764
2025-10-23 02:00:00,723
2025-10-23 03:00:00,724
2025-10-23 04:00:00,733
2025-10-23 05:00:00,729
2025-10-23 06:00:00,730
2025-10-23 07:00:00,734
2025-10-23 08:00:00,721
2025-10-23 09:00:00,734
2025-10-23 10:00:00,724
2025-10-23 11:00:00,731
2025-10-23 12:00:00,728
2025-10-23 13:00:00,732
2025-10-23 14:00:00,724
2025-10-23 15:00:00,756
2025-10-23 16:00:00,752
2025-10-23 17:00:00,727
2025-10-23 18:00:00,726
2025-10-23 19:00:00,729
2025-10-23 20:00:00,729
2025-10-23 21:00:00,730
2025-10-23 22:00:00,747
2025-10-23 23:00:00,796
2025-10-24 00:00:00,796
2025-10-24 01:00:00,768
2025-10-24 02:00:00,726
2025-10-24 03:00:00,718
2025-10-24 04:00:00,716
2025-10-24 05:00:00,714
2025-10-24 06:00:00,682
2025-10-24 07:00:00,713
2025-10-24 08:00:00,680
2025-10-24 09:00:00,719
2025-10-24 10:00:00,716
2025-10-24 11:00:00,709
2025-10-24 12:00:00,716
2025-10-24 13:00:00,716
2025-10-24 14:00:00,712
2025-10-24 15:00:00,731
2025-10-24 16:00:00,720
2025-10-24 17:00:00,725
2025-10-24 18:00:00,721
2025-10-24 19:00:00,716
2025-10-24 20:00:00,738
2025-10-24 21:00:00,750
2025-10-24 22:00:00,865
2025-10-24 23:00:00,945
2025-10-25 00:00:00,945
2025-10-25 01:00:00,938
2025-10-25 02:00:00,872
2025-10-25 03:00:00,794
2025-10-25 04:00:00,792
2025-10-25 05:00:00,789
2025-10-25 06:00:00,794
2025-10-25 07:00:00,780
2025-10-25 08:00:00,782
2025-10-25 09:00:00,812
2025-10-25 10:00:00,888
2025-10-25 11:00:00,948
2025-10-25 12:00:00,974
2025-10-25 13:00:00,1002
2025-10-25 14:00:00,988
2025-10-25 15:00:00,980
2025-10-25 16:00:00,991
2025-10-25 17:00:00,986
2025-10-25 18:00:00,987
2025-10-25 19:00:00,992
2025-10-25 20:00:00,982
2025-10-25 21:00:00,961
2025-10-25 22:00:00,969
2025-10-25 23:00:00,973
2025-10-26 00:00:00,963
2025-10-26 01:00:00,929
2025-10-26 02:00:00,867
2025-10-26 03:00:00,834
2025-10-26 04:00:00,828
2025-10-26 05:00:00,840
2025-10-26 06:00:00,827
2025-10-26 07:00:00,798
2025-10-26 08:00:00,800
2025-10-26 09:00:00,840
2025-10-26 10:00:00,884
2025-10-26 11:00:00,955
2025-10-26 12:00:00,1005
2025-10-26 13:00:00,1110
2025-10-26 14:00:00,1073
2025-10-26 15:00:00,1108
2025-10-26 16:00:00,1119
2025-10-26 17:00:00,1159
2025-10-26 18:00:00,1186
2025-10-26 19:00:00,1178
2025-10-26 20:00:00,1121
2025-10-26 21:00:00,1015
2025-10-26 22:00:00,1135
2025-10-26 23:00:00,1107
2025-10-27 00:00:00,967
2025-10-27 01:00:00,852
2025-10-27 02:00:00,788
2025-10-27 03:00:00,835
2025-10-27 04:00:00,853
2025-10-27 05:00:00,821
2025-10-27 06:00:00,841
2025-10-27 07:00:00,820
2025-10-27 08:00:00,827
2025-10-27 09:00:00,815
2025-10-27 10:00:00,804
2025-10-27 11:00:00,812
2025-10-27 12:00:00,777
2025-10-27 13:00:00,781
2025-10-27 14:00:00,783
2025-10-27 15:00:00,818
2025-10-27 16:00:00,828
2025-10-27 17:00:00,775
2025-10-27 18:00:00,754
2025-10-27 19:00:00,759
2025-10-27 20:00:00,763
2025-10-27 21:00:00,754
2025-10-27 22:00:00,775
2025-10-27 23:00:00,792
2025-10-28 00:00:00,774
2025-10-28 01:00:00,746
2025-10-28 02:00:00,745
2025-10-28 03:00:00,757
2025-10-28 04:00:00,756
2025-10-28 05:00:00,755
2025-10-28 06:00:00,741
2025-10-28 07:00:00,751
2025-10-28 08:00:00,741
2025-10-28 09:00:00,748
2025-10-28 10:00:00,749
2025-10-28 11:00:00,759
2025-10-28 12:00:00,760
2025-10-28 13:00:00,761
2025-10-28 14:00:00,765
2025-10-28 15:00:00,770
2025-10-28 16:00:00,756
2025-10-28 17:00:00,738
2025-10-28 18:00:00,742
2025-10-28 19:00:00,753
2025-10-28 20:00:00,781
2025-10-28 21:00:00,748
2025-10-28 22:00:00,775
2025-10-28 23:00:00,760
2025-10-29 00:00:00,753
2025-10-29 01:00:00,760
2025-10-29 02:00:00,739
2025-10-29 03:00:00,744
2025-10-29 04:00:00,752
2025-10-29 05:00:00,744
2025-10-29 06:00:00,728
2025-10-29 07:00:00,745
2025-10-29 08:00:00,747
2025-10-29 09:00:00,751
2025-10-29 10:00:00,739
2025-10-29 11:00:00,756
2025-10-29 12:00:00,763
2025-10-29 13:00:00,758
2025-10-29 14:00:00,769
2025-10-29 15:00:00,770
2025-10-29 16:00:00,749
2025-10-29 17:00:00,749
2025-10-29 18:00:00,750
2025-10-29 19:00:00,752
2025-10-29 20:00:00,759
2025-10-29 21:00:00,763
2025-10-29 22:00:00,771
2025-10-29 23:00:00,777
2025-10-30 00:00:00,814
2025-10-30 01:00:00,735
2025-10-30 02:00:00,743
2025-10-30 03:00:00,763
2025-10-30 04:00:00,756
2025-10-30 05:00:00,752
2025-10-30 06:00:00,754
2025-10-30 07:00:00,740
2025-10-30 08:00:00,749
2025-10-30 09:00:00,751
2025-10-30 10:00:00,767
2025-10-30 11:00:00,768
2025-10-30 12:00:00,775
2025-10-30 13:00:00,794
2025-10-30 14:00:00,793
2025-10-30 15:00:00,809
2025-10-30 16:00:00,804
2025-10-30 17:00:00,798
2025-10-30 18:00:00,823
2025-10-30 19:00:00,786
2025-10-30 20:00:00,791
2025-10-30 21:00:00,803
2025-10-30 22:00:00,805
2025-10-30 23:00:00,832
2025-10-31 00:00:00,802
2025-10-31 01:00:00,785
2025-10-31 02:00:00,804
2025-10-31 03:00:00,792
2025-10-31 04:00:00,809
2025-10-31 05:00:00,786
2025-10-31 06:00:00,777
2025-10-31 07:00:00,773
2025-10-31 08:00:00,756
2025-10-31 09:00:00,793
2025-10-31 10:00:00,776
2025-10-31 11:00:00,789
2025-10-31 12:00:00,779
2025-10-31 13:00:00,770
2025-10-31 14:00:00,810
2025-10-31 15:00:00,785
2025-10-31 16:00:00,798
2025-10-31 17:00:00,777
2025-10-31 18:00:00,770
2025-10-31 19:00:00,805
2025-10-31 20:00:00,808
2025-10-31 21:00:00,859
2025-10-31 22:00:00,961
2025-10-31 23:00:00,964
2025-11-01 00:00:00,947
2025-11-01 01:00:00,932
2025-11-01 02:00:00,862
2025-11-01 03:00:00,824
2025-11-01 04:00:00,833
2025-11-01 05:00:00,847
2025-11-01 06:00:00,849
2025-11-01 07:00:00,852
2025-11-01 08:00:00,865
2025-11-01 09:00:00,868
2025-11-01 10:00:00,901
2025-11-01 11:00:00,953
2025-11-01 12:00:00,972
2025-11-01 13:00:00,969
2025-11-01 14:00:00,958
2025-11-01 15:00:00,963
2025-11-01 16:00:00,975
2025-11-01 17:00:00,972
2025-11-01 18:00:00,968
2025-11-01 19:00:00,968
2025-11-01 20:00:00,946
2025-11-01 21:00:00,935
2025-11-01 22:00:00,953
2025-11-01 23:00:00,956
2025-11-02 00:00:00,920
2025-11-02 01:00:00,840
2025-11-02 02:00:00,802
2025-11-02 03:00:00,819
2025-11-02 04:00:00,858
2025-11-02 05:00:00,868
2025-11-02 06:00:00,865
2025-11-02 07:00:00,866
2025-11-02 08:00:00,862
2025-11-02 09:00:00,855
2025-11-02 10:00:00,933
2025-11-02 11:00:00,968
2025-11-02 12:00:00,974
2025-11-02 13:00:00,965
2025-11-02 14:00:00,964
2025-11-02 15:00:00,959
2025-11-02 16:00:00,963
2025-11-02 17:00:00,944
2025-11-02 18:00:00,932
2025-11-02 19:00:00,910
2025-11-02 20:00:00,827
2025-11-02 21:00:00,859
2025-11-02 22:00:00,851
2025-11-02 23:00:00,849
2025-11-03 00:00:00,806
2025-11-03 01:00:00,772
2025-11-03 02:00:00,760
2025-11-03 03:00:00,770
2025-11-03 04:00:00,785
2025-11-03 05:00:00,773
2025-11-03 06:00:00,769
2025-11-03 07:00:00,750
2025-11-03 08:00:00,731
2025-11-03 09:00:00,765
2025-11-03 10:00:00,759
2025-11-03 11:00:00,769
2025-11-03 12:00:00,769
2025-11-03 13:00:00,765
2025-11-03 14:00:00,749
2025-11-03 15:00:00,756
2025-11-03 16:00:00,745
2025-11-03 17:00:00,730
2025-11-03 18:00:00,718
2025-11-03 19:00:00,718
2025-11-03 20:00:00,708
2025-11-03 21:00:00,712
2025-11-03 22:00:00,707
2025-11-03 23:00:00,721
2025-11-04 00:00:00,712
2025-11-04 01:00:00,697
2025-11-04 02:00:00,678
2025-11-04 03:00:00,690
2025-11-04 04:00:00,685
2025-11-04 05:00:00,668
2025-11-04 06:00:00,644
2025-11-04 07:00:00,657
2025-11-04 08:00:00,654
2025-11-04 09:00:00,672
2025-11-04 10:00:00,692
2025-11-04 11:00:00,683
2025-11-04 12:00:00,690
2025-11-04 13:00:00,677
2025-11-04 14:00:00,676
2025-11-04 15:00:00,689
2025-11-04 16:00:00,666
2025-11-04 17:00:00,670
2025-11-04 18:00:00,648
2025-11-04 19:00:00,651
2025-11-04 20:00:00,636
2025-11-04 21:00:00,625
2025-11-04 22:00:00,647
2025-11-04 23:00:00,635
2025-11-05 00:00:00,621
2025-11-05 01:00:00,600
2025-11-05 02:00:00,597
2025-11-05 03:00:00,613
2025-11-05 04:00:00,609
2025-11-05 05:00:00,601
2025-11-05 06:00:00,577
2025-11-05 07:00:00,565
2025-11-05 08:00:00,562
2025-11-05 09:00:00,583
2025-11-05 10:00:00,607
2025-11-05 11:00:00,608
2025-11-05 12:00:00,600
2025-11-05 13:00:00,595
2025-11-05 14:00:00,588
2025-11-05 15:00:00,610
2025-11-05 16:00:00,590
2025-11-05 17:00:00,569
2025-11-05 18:00:00,564
2025-11-05 19:00:00,566
2025-11-05 20:00:00,557
2025-11-05 21:00:00,574
2025-11-05 22:00:00,585
2025-11-05 23:00:00,580
2025-11-06 00:00:00,580
2025-11-06 01:00:00,577
2025-11-06 02:00:00,573
2025-11-06 03:00:00,596
2025-11-06 04:00:00,591
2025-11-06 05:00:00,590
2025-11-06 06:00:00,580
2025-11-06 07:00:00,576
2025-11-06 08:00:00,583
2025-11-06 09:00:00,580
2025-11-06 10:00:00,603
2025-11-06 11:00:00,618
2025-11-06 12:00:00,595
2025-11-06 13:00:00,590
2025-11-06 14:00:00,589
2025-11-06 15:00:00,584
2025-11-06 16:00:00,583
2025-11-06 17:00:00,571
2025-11-06 18:00:00,567
2025-11-06 19:00:00,594
2025-11-06 20:00:00,565
2025-11-06 21:00:00,569
2025-11-06 22:00:00,562
2025-11-06 23:00:00,563
2025-11-07 00:00:00,564
2025-11-07 01:00:00,544
2025-11-07 02:00:00,542
2025-11-07 03:00:00,564
2025-11-07 04:00:00,636
2025-11-07 05:00:00,608
2025-11-07 06:00:00,586
2025-11-07 07:00:00,581
2025-11-07 08:00:00,582
2025-11-07 09:00:00,593
2025-11-07 10:00:00,597
2025-11-07 11:00:00,607
2025-11-07 12:00:00,606
2025-11-07 13:00:00,597
2025-11-07 14:00:00,584
2025-11-07 15:00:00,584
2025-11-07 16:00:00,572
2025-11-07 17:00:00,564
2025-11-07 18:00:00,557
2025-11-07 19:00:00,577
2025-11-07 20:00:00,548
2025-11-07 21:00:00,552
2025-11-07 22:00:00,556
2025-11-07 23:00:00,550
2025-11-08 00:00:00,539
2025-11-08 01:00:00,523
2025-11-08 02:00:00,520
2025-11-08 03:00:00,529
2025-11-08 04:00:00,549
2025-11-08 05:00:00,547
2025-11-08 06:00:00,538
2025-11-08 07:00:00,531
2025-11-08 08:00:00,531
2025-11-08 09:00:00,594
2025-11-08 10:00:00,561
2025-11-08 11:00:00,562
2025-11-08 12:00:00,572
2025-11-08 13:00:00,587
2025-11-08 14:00:00,575
2025-11-08 15:00:00,573
2025-11-08 16:00:00,564
2025-11-08 17:00:00,553
2025-11-08 18:00:00,552
2025-11-08 19:00:00,553
2025-11-08 20:00:00,551
2025-11-08 21:00:00,579
2025-11-08 22:00:00,583
2025-11-08 23:00:00,561
2025-11-09 00:00:00,554
2025-11-09 01:00:00,589
2025-11-09 02:00:00,589
2025-11-09 03:00:00,552
2025-11-09 04:00:00,554
2025-11-09 05:00:00,557
2025-11-09 06:00:00,544
2025-11-09 07:00:00,538
2025-11-09 08:00:00,541
2025-11-09 09:00:00,552
2025-11-09 10:00:00,559
2025-11-09 11:00:00,571
2025-11-09 12:00:00,584
2025-11-09 13:00:00,568
2025-11-09 14:00:00,564
2025-11-09 15:00:00,579
2025-11-09 16:00:00,568
2025-11-09 17:00:00,594
2025-11-09 18:00:00,600
2025-11-09 19:00:00,577
2025-11-09 20:00:00,569
2025-11-09 21:00:00,565
2025-11-09 22:00:00,555
2025-11-09 23:00:00,563
2025-11-10 00:00:00,606
2025-11-10 01:00:00,576
2025-11-10 02:00:00,583
2025-11-10 03:00:00,589
2025-11-10 04:00:00,587
2025-11-10 05:00:00,586
2025-11-10 06:00:00,585
2025-11-10 07:00:00,575
2025-11-10 08:00:00,568
2025-11-10 09:00:00,591
2025-11-10 10:00:00,591
2025-11-10 11:00:00,597
2025-11-10 12:00:00,580
2025-11-10 13:00:00,641
2025-11-10 14:00:00,618
2025-11-10 15:00:00,604
2025-11-10 16:00:00,623
2025-11-10 17:00:00,584
2025-11-10 18:00:00,606
2025-11-10 19:00:00,570
2025-11-10 20:00:00,577
2025-11-10 21:00:00,580
2025-11-10 22:00:00,573
2025-11-10 23:00:00,567
2025-11-11 00:00:00,565
2025-11-11 01:00:00,567
2025-11-11 02:00:00,560
2025-11-11 03:00:00,577
2025-11-11 04:00:00,578
2025-11-11 05:00:00,577
2025-11-11 06:00:00,560
2025-11-11 07:00:00,545
2025-11-11 08:00:00,559
2025-11-11 09:00:00,581
2025-11-11 10:00:00,590
2025-11-11 11:00:00,606
2025-11-11 12:00:00,585
2025-11-11 13:00:00,586
2025-11-11 14:00:00,605
2025-11-11 15:00:00,604
2025-11-11 16:00:00,603
2025-11-11 17:00:00,602
2025-11-11 18:00:00,601
2025-11-11 19:00:00,600
2025-11-11 20:00:00,599
2025-11-11 21:00:00,598
2025-11-11 22:00:00,598
2025-11-11 23:00:00,597
2025-11-12 00:00:00,596
2025-11-12 01:00:00,595
2025-11-12 02:00:00,594
2025-11-12 03:00:00,593
2025-11-12 04:00:00,592
2025-11-12 05:00:00,591
2025-11-12 06:00:00,590
2025-11-12 07:00:00,589
2025-11-12 08:00:00,589
2025-11-12 09:00:00,589
2025-11-12 10:00:00,594
2025-11-12 11:00:00,569
2025-11-12 12:00:00,568
2025-11-12 13:00:00,572
2025-11-12 14:00:00,574
2025-11-12 15:00:00,589
2025-11-12 16:00:00,583
2025-11-12 17:00:00,568
2025-11-12 18:00:00,612
2025-11-12 19:00:00,606
2025-11-12 20:00:00,612
2025-11-12 21:00:00,618
2025-11-12 22:00:00,583
2025-11-12 23:00:00,585
2025-11-13 00:00:00,585
2025-11-13 01:00:00,577
2025-11-13 02:00:00,582
2025-11-13 03:00:00,594
2025-11-13 04:00:00,597
2025-11-13 05:00:00,522
2025-11-13 06:00:00,513
2025-11-13 07:00:00,492
2025-11-13 08:00:00,492
2025-11-13 09:00:00,477
2025-11-13 10:00:00,483
2025-11-13 11:00:00,509
2025-11-13 12:00:00,507
2025-11-13 13:00:00,516
2025-11-13 14:00:00,504
2025-11-13 15:00:00,480
2025-11-13 16:00:00,491
2025-11-13 17:00:00,524
2025-11-13 18:00:00,559
2025-11-13 19:00:00,556
2025-11-13 20:00:00,541
2025-11-13 21:00:00,507
2025-11-13 22:00:00,532
2025-11-13 23:00:00,554
2025-11-14 00:00:00,552
2025-11-14 01:00:00,529
2025-11-14 02:00:00,550
2025-11-14 03:00:00,531
2025-11-14 04:00:00,554
2025-11-14 05:00:00,547
2025-11-14 06:00:00,553
2025-11-14 07:00:00,543
2025-11-14 08:00:00,543
2025-11-14 09:00:00,523
2025-11-14 10:00:00,508
2025-11-14 11:00:00,528
2025-11-14 12:00:00,539
2025-11-14 13:00:00,546
2025-11-14 14:00:00,557
2025-11-14 15:00:00,561
2025-11-14 16:00:00,565
2025-11-14 17:00:00,612
2025-11-14 18:00:00,597
2025-11-14 19:00:00,595
2025-11-14 20:00:00,576
2025-11-14 21:00:00,546
2025-11-14 22:00:00,593
2025-11-14 23:00:00,672
2025-11-15 00:00:00,698
2025-11-15 01:00:00,698
2025-11-15 02:00:00,681
2025-11-15 03:00:00,681
2025-11-15 04:00:00,701
2025-11-15 05:00:00,699
2025-11-15 06:00:00,717
2025-11-15 07:00:00,693
2025-11-15 08:00:00,694
2025-11-15 09:00:00,698
2025-11-15 10:00:00,704
2025-11-15 11:00:00,765
2025-11-15 12:00:00,773
2025-11-15 13:00:00,774
2025-11-15 14:00:00,778
2025-11-15 15:00:00,774
2025-11-15 16:00:00,784
2025-11-15 17:00:00,791
2025-11-15 18:00:00,784
2025-11-15 19:00:00,790
2025-11-15 20:00:00,804
2025-11-15 21:00:00,773
2025-11-15 22:00:00,778
2025-11-15 23:00:00,783
2025-11-16 00:00:00,777
2025-11-16 01:00:00,773
2025-11-16 02:00:00,768
2025-11-16 03:00:00,734
2025-11-16 04:00:00,731
2025-11-16 05:00:00,734
2025-11-16 06:00:00,747
2025-11-16 07:00:00,719
2025-11-16 08:00:00,752
2025-11-16 09:00:00,742
2025-11-16 10:00:00,774
2025-11-16 11:00:00,794
2025-11-16 12:00:00,807
2025-11-16 13:00:00,816
2025-11-16 14:00:00,817
2025-11-16 15:00:00,813
2025-11-16 16:00:00,821
2025-11-16 17:00:00,814
2025-11-16 18:00:00,811
2025-11-16 19:00:00,802
2025-11-16 20:00:00,772
2025-11-16 21:00:00,769
2025-11-16 22:00:00,767
2025-11-16 23:00:00,746
2025-11-17 00:00:00,736
2025-11-17 01:00:00,710
2025-11-17 02:00:00,667
2025-11-17 03:00:00,674
2025-11-17 04:00:00,690
2025-11-17 05:00:00,685
2025-11-17 06:00:00,686
2025-11-17 07:00:00,637
2025-11-17 08:00:00,527
2025-11-17 09:00:00,593
2025-11-17 10:00:00,591
2025-11-17 11:00:00,581
2025-11-17 12:00:00,585
2025-11-17 13:00:00,584
2025-11-17 14:00:00,576
2025-11-17 15:00:00,595
2025-11-17 16:00:00,621
2025-11-17 17:00:00,565
2025-11-17 18:00:00,587
2025-11-17 19:00:00,585
2025-11-17 20:00:00,578
2025-11-17 21:00:00,594
2025-11-17 22:00:00,595
2025-11-17 23:00:00,633
2025-11-18 00:00:00,666
2025-11-18 01:00:00,664
2025-11-18 02:00:00,632
2025-11-18 03:00:00,566
2025-11-18 04:00:00,582
2025-11-18 05:00:00,570
2025-11-18 06:00:00,570
2025-11-18 07:00:00,574
2025-11-18 08:00:00,570
2025-11-18 09:00:00,577
2025-11-18 10:00:00,566
2025-11-18 11:00:00,572
2025-11-18 12:00:00,600
2025-11-18 13:00:00,625
2025-11-18 14:00:00,699
2025-11-18 15:00:00,662
2025-11-18 16:00:00,688
2025-11-18 17:00:00,673
2025-11-18 18:00:00,694
2025-11-18 19:00:00,689
2025-11-18 20:00:00,694
2025-11-18 21:00:00,693
2025-11-18 22:00:00,771
2025-11-18 23:00:00,717
2025-11-19 00:00:00,682
2025-11-19 01:00:00,682
2025-11-19 02:00:00,664
2025-11-19 03:00:00,682
2025-11-19 04:00:00,635
2025-11-19 05:00:00,647
2025-11-19 06:00:00,688
2025-11-19 07:00:00,676
2025-11-19 08:00:00,637
2025-11-19 09:00:00,705
2025-11-19 10:00:00,699
2025-11-19 11:00:00,717
2025-11-19 12:00:00,684
2025-11-19 13:00:00,687
2025-11-19 14:00:00,781
2025-11-19 15:00:00,781
2025-11-19 16:00:00,751
2025-11-19 17:00:00,755
2025-11-19 18:00:00,756
2025-11-19 19:00:00,761
2025-11-19 20:00:00,799
2025-11-19 21:00:00,736
2025-11-19 22:00:00,771
2025-11-19 23:00:00,772
2025-11-20 00:00:00,772
2025-11-20 01:00:00,761
2025-11-20 02:00:00,723
2025-11-20 03:00:00,666
2025-11-20 04:00:00,684
2025-11-20 05:00:00,691
2025-11-20 06:00:00,702
2025-11-20 07:00:00,676
2025-11-20 08:00:00,678
2025-11-20 09:00:00,676
2025-11-20 10:00:00,687
2025-11-20 11:00:00,758
2025-11-20 12:00:00,764
2025-11-20 13:00:00,721
2025-11-20 14:00:00,726
2025-11-20 15:00:00,746
2025-11-20 16:00:00,758
2025-11-20 17:00:00,775
2025-11-20 18:00:00,750
2025-11-20 19:00:00,742
2025-11-20 20:00:00,742
2025-11-20 21:00:00,757
2025-11-20 22:00:00,774
2025-11-20 23:00:00,796
2025-11-21 00:00:00,773
2025-11-21 01:00:00,768
2025-11-21 02:00:00,763
2025-11-21 03:00:00,655
2025-11-21 04:00:00,647
2025-11-21 05:00:00,636
2025-11-21 06:00:00,635
2025-11-21 07:00:00,611
2025-11-21 08:00:00,616
2025-11-21 09:00:00,641
2025-11-21 10:00:00,638
2025-11-21 11:00:00,636
2025-11-21 12:00:00,641
2025-11-21 13:00:00,651
2025-11-21 14:00:00,631
2025-11-21 15:00:00,724
2025-11-21 16:00:00,766
2025-11-21 17:00:00,799
2025-11-21 18:00:00,761
2025-11-21 19:00:00,770
2025-11-21 20:00:00,777
2025-11-21 21:00:00,863
2025-11-21 22:00:00,825
2025-11-21 23:00:00,842
2025-11-22 00:00:00,835
2025-11-22 01:00:00,811
2025-11-22 02:00:00,807
2025-11-22 03:00:00,772
2025-11-22 04:00:00,766
2025-11-22 05:00:00,748
2025-11-22 06:00:00,752
2025-11-22 07:00:00,752
2025-11-22 08:00:00,782
2025-11-22 09:00:00,802
2025-11-22 10:00:00,835
2025-11-22 11:00:00,838
2025-11-22 12:00:00,839
2025-11-22 13:00:00,822
2025-11-22 14:00:00,822
2025-11-22 15:00:00,809
2025-11-22 16:00:00,818
2025-11-22 17:00:00,811
2025-11-22 18:00:00,811
2025-11-22 19:00:00,810
2025-11-22 20:00:00,791
2025-11-22 21:00:00,779
2025-11-22 22:00:00,798
2025-11-22 23:00:00,800
2025-11-23 00:00:00,802
2025-11-23 01:00:00,772
2025-11-23 02:00:00,728
2025-11-23 03:00:00,687
2025-11-23 04:00:00,686
2025-11-23 05:00:00,688
2025-11-23 06:00:00,675
2025-11-23 07:00:00,672
2025-11-23 08:00:00,671
2025-11-23 09:00:00,707
2025-11-23 10:00:00,731
2025-11-23 11:00:00,775
2025-11-23 12:00:00,808
2025-11-23 13:00:00,819
2025-11-23 14:00:00,834
2025-11-23 15:00:00,813
2025-11-23 16:00:00,813
2025-11-23 17:00:00,820
2025-11-23 18:00:00,806
2025-11-23 19:00:00,805
2025-11-23 20:00:00,792
2025-11-23 21:00:00,772
2025-11-23 22:00:00,788
2025-11-23 23:00:00,782
2025-11-24 00:00:00,768
2025-11-24 01:00:00,725
2025-11-24 02:00:00,647
2025-11-24 03:00:00,654
2025-11-24 04:00:00,656
2025-11-24 05:00:00,679
2025-11-24 06:00:00,669
2025-11-24 07:00:00,685
2025-11-24 08:00:00,665
2025-11-24 09:00:00,681
2025-11-24 10:00:00,652
2025-11-24 11:00:00,663
2025-11-24 12:00:00,651
2025-11-24 13:00:00,688
2025-11-24 14:00:00,654
2025-11-24 15:00:00,689
2025-11-24 16:00:00,660
2025-11-24 17:00:00,664
2025-11-24 18:00:00,654
2025-11-24 19:00:00,729
2025-11-24 20:00:00,669
2025-11-24 21:00:00,793
2025-11-24 22:00:00,711
2025-11-24 23:00:00,735
2025-11-25 00:00:00,752
2025-11-25 01:00:00,728
2025-11-25 02:00:00,668
2025-11-25 03:00:00,664
2025-11-25 04:00:00,662
2025-11-25 05:00:00,655
2025-11-25 06:00:00,663
2025-11-25 07:00:00,682
2025-11-25 08:00:00,688
2025-11-25 09:00:00,679
2025-11-25 10:00:00,668
2025-11-25 11:00:00,661
2025-11-25 12:00:00,663
2025-11-25 13:00:00,674
2025-11-25 14:00:00,668
2025-11-25 15:00:00,725
2025-11-25 16:00:00,733
2025-11-25 17:00:00,704
2025-11-25 18:00:00,723
2025-11-25 19:00:00,726
2025-11-25 20:00:00,719
2025-11-25 21:00:00,713
2025-11-25 22:00:00,750
2025-11-25 23:00:00,750
2025-11-26 00:00:00,732
2025-11-26 01:00:00,731
2025-11-26 02:00:00,675
2025-11-26 03:00:00,668
2025-11-26 04:00:00,670
2025-11-26 05:00:00,669
2025-11-26 06:00:00,677
2025-11-26 07:00:00,673
2025-11-26 08:00:00,661
2025-11-26 09:00:00,669
2025-11-26 10:00:00,679
2025-11-26 11:00:00,699
2025-11-26 12:00:00,686
2025-11-26 13:00:00,673
2025-11-26 14:00:00,677
2025-11-26 15:00:00,718
2025-11-26 16:00:00,721
2025-11-26 17:00:00,710
2025-11-26 18:00:00,726
2025-11-26 19:00:00,735
2025-11-26 20:00:00,744
2025-11-26 21:00:00,732
2025-11-26 22:00:00,752
2025-11-26 23:00:00,734
2025-11-27 00:00:00,746
2025-11-27 01:00:00,723
2025-11-27 02:00:00,640
2025-11-27 03:00:00,661
2025-11-27 04:00:00,644
2025-11-27 05:00:00,652
2025-11-27 06:00:00,637
2025-11-27 07:00:00,663
2025-11-27 08:00:00,652
2025-11-27 09:00:00,660
2025-11-27 10:00:00,637
2025-11-27 11:00:00,708
2025-11-27 12:00:00,671
2025-11-27 13:00:00,672
2025-11-27 14:00:00,668
2025-11-27 15:00:00,695
2025-11-27 16:00:00,712
2025-11-27 17:00:00,670
2025-11-27 18:00:00,699
2025-11-27 19:00:00,698
2025-11-27 20:00:00,658
2025-11-27 21:00:00,692
2025-11-27 22:00:00,718
2025-11-27 23:00:00,725
2025-11-28 00:00:00,723
2025-11-28 01:00:00,720
2025-11-28 02:00:00,717
2025-11-28 03:00:00,715
2025-11-28 04:00:00,712
2025-11-28 05:00:00,619
2025-11-28 06:00:00,609
2025-11-28 07:00:00,603
2025-11-28 08:00:00,598
2025-11-28 09:00:00,608
2025-11-28 10:00:00,607
2025-11-28 11:00:00,618
2025-11-28 12:00:00,610
2025-11-28 13:00:00,626
2025-11-28 14:00:00,650
2025-11-28 15:00:00,659
2025-11-28 16:00:00,676
2025-11-28 17:00:00,667
2025-11-28 18:00:00,670
2025-11-28 19:00:00,685
2025-11-28 20:00:00,710
2025-11-28 21:00:00,753
2025-11-28 22:00:00,793
2025-11-28 23:00:00,818
2025-11-29 00:00:00,798
2025-11-29 01:00:00,767
2025-11-29 02:00:00,714
2025-11-29 03:00:00,681
2025-11-29 04:00:00,667
2025-11-29 05:00:00,675
2025-11-29 06:00:00,668
2025-11-29 07:00:00,672
2025-11-29 08:00:00,665
2025-11-29 09:00:00,688
2025-11-29 10:00:00,845
2025-11-29 11:00:00,780
2025-11-29 12:00:00,809
2025-11-29 13:00:00,820
2025-11-29 14:00:00,811
2025-11-29 15:00:00,809
2025-11-29 16:00:00,811
2025-11-29 17:00:00,806
2025-11-29 18:00:00,805
2025-11-29 19:00:00,796
2025-11-29 20:00:00,781
2025-11-29 21:00:00,782
2025-11-29 22:00:00,775
2025-11-29 23:00:00,772
2025-11-30 00:00:00,766
2025-11-30 01:00:00,721
2025-11-30 02:00:00,658
2025-11-30 03:00:00,667
2025-11-30 04:00:00,682
2025-11-30 05:00:00,678
2025-11-30 06:00:00,672
2025-11-30 07:00:00,684
2025-11-30 08:00:00,702
2025-11-30 09:00:00,692
2025-11-30 10:00:00,753
2025-11-30 11:00:00,796
2025-11-30 12:00:00,814
2025-11-30 13:00:00,815
2025-11-30 14:00:00,810
2025-11-30 15:00:00,803
2025-11-30 16:00:00,787
2025-11-30 17:00:00,801
2025-11-30 18:00:00,803
2025-11-30 19:00:00,797
2025-11-30 20:00:00,768
2025-11-30 21:00:00,749
2025-11-30 22:00:00,771
2025-11-30 23:00:00,768
2025-12-01 00:00:00,720
2025-12-01 01:00:00,637
2025-12-01 02:00:00,645
2025-12-01 03:00:00,668
2025-12-01 04:00:00,668
2025-12-01 05:00:00,675
2025-12-01 06:00:00,665
2025-12-01 07:00:00,646
2025-12-01 08:00:00,646
2025-12-01 09:00:00,663
2025-12-01 10:00:00,665
2025-12-01 11:00:00,661
2025-12-01 12:00:00,729
2025-12-01 13:00:00,695
2025-12-01 14:00:00,666
2025-12-01 15:00:00,705
2025-12-01 16:00:00,679
2025-12-01 17:00:00,680
2025-12-01 18:00:00,673
2025-12-01 19:00:00,660
2025-12-01 20:00:00,629
2025-12-01 21:00:00,652
2025-12-01 22:00:00,670
2025-12-01 23:00:00,686
2025-12-02 00:00:00,676
2025-12-02 01:00:00,648
2025-12-02 02:00:00,651
2025-12-02 03:00:00,654
2025-12-02 04:00:00,649
2025-12-02 05:00:00,663
2025-12-02 06:00:00,657
2025-12-02 07:00:00,648
2025-12-02 08:00:00,663
2025-12-02 09:00:00,694
2025-12-02 10:00:00,723
2025-12-02 11:00:00,671
2025-12-02 12:00:00,666
2025-12-02 13:00:00,693
2025-12-02 14:00:00,707
2025-12-02 15:00:00,724
2025-12-02 16:00:00,712
2025-12-02 17:00:00,689
2025-12-02 18:00:00,688
2025-12-02 19:00:00,666
2025-12-02 20:00:00,648
2025-12-02 21:00:00,656
2025-12-02 22:00:00,701
2025-12-02 23:00:00,722
2025-12-03 00:00:00,686
2025-12-03 01:00:00,662
2025-12-03 02:00:00,647
2025-12-03 03:00:00,657
2025-12-03 04:00:00,655
2025-12-03 05:00:00,660
2025-12-03 06:00:00,661
2025-12-03 07:00:00,653
2025-12-03 08:00:00,647
2025-12-03 09:00:00,658
2025-12-03 10:00:00,651
2025-12-03 11:00:00,662
2025-12-03 12:00:00,674
2025-12-03 13:00:00,691
2025-12-03 14:00:00,690
2025-12-03 15:00:00,706
2025-12-03 16:00:00,742
2025-12-03 17:00:00,722
2025-12-03 18:00:00,766
2025-12-03 19:00:00,680
2025-12-03 20:00:00,661
2025-12-03 21:00:00,667
2025-12-03 22:00:00,685
2025-12-03 23:00:00,747
2025-12-04 00:00:00,702
2025-12-04 01:00:00,641
2025-12-04 02:00:00,642
2025-12-04 03:00:00,654
2025-12-04 04:00:00,656
2025-12-04 05:00:00,666
2025-12-04 06:00:00,700
2025-12-04 07:00:00,655
2025-12-04 08:00:00,668
2025-12-04 09:00:00,678
2025-12-04 10:00:00,663
2025-12-04 11:00:00,682
2025-12-04 12:00:00,699
2025-12-04 13:00:00,727
2025-12-04 14:00:00,713
2025-12-04 15:00:00,740
2025-12-04 16:00:00,739
2025-12-04 17:00:00,710
2025-12-04 18:00:00,700
2025-12-04 19:00:00,684
2025-12-04 20:00:00,718
2025-12-04 21:00:00,722
2025-12-04 22:00:00,763
2025-12-04 23:00:00,767
2025-12-05 00:00:00,745
2025-12-05 01:00:00,667
2025-12-05 02:00:00,651
2025-12-05 03:00:00,654
2025-12-05 04:00:00,657
2025-12-05 05:00:00,653
2025-12-05 06:00:00,663
2025-12-05 07:00:00,650
2025-12-05 08:00:00,665
2025-12-05 09:00:00,699
2025-12-05 10:00:00,665
2025-12-05 11:00:00,680
2025-12-05 12:00:00,684
2025-12-05 13:00:00,711
2025-12-05 14:00:00,698
2025-12-05 15:00:00,724
2025-12-05 16:00:00,746
2025-12-05 17:00:00,722
2025-12-05 18:00:00,709
2025-12-05 19:00:00,736
2025-12-05 20:00:00,765
2025-12-05 21:00:00,772
2025-12-05 22:00:00,789
2025-12-05 23:00:00,807
2025-12-06 00:00:00,790
2025-12-06 01:00:00,752
2025-12-06 02:00:00,701
2025-12-06 03:00:00,688
2025-12-06 04:00:00,686
2025-12-06 05:00:00,705
2025-12-06 06:00:00,707
2025-12-06 07:00:00,691
2025-12-06 08:00:00,704
2025-12-06 09:00:00,701
2025-12-06 10:00:00,753
2025-12-06 11:00:00,834
2025-12-06 12:00:00,834
2025-12-06 13:00:00,809
2025-12-06 14:00:00,810
2025-12-06 15:00:00,810
2025-12-06 16:00:00,812
2025-12-06 17:00:00,807
2025-12-06 18:00:00,807
2025-12-06 19:00:00,806
2025-12-06 20:00:00,783
2025-12-06 21:00:00,778
2025-12-06 22:00:00,785
2025-12-06 23:00:00,802
2025-12-07 00:00:00,775
2025-12-07 01:00:00,763
2025-12-07 02:00:00,691
2025-12-07 03:00:00,692
2025-12-07 04:00:00,691
2025-12-07 05:00:00,714
2025-12-07 06:00:00,679
2025-12-07 07:00:00,705
2025-12-07 08:00:00,698
2025-12-07 09:00:00,705
2025-12-07 10:00:00,737
2025-12-07 11:00:00,788
2025-12-07 12:00:00,821
2025-12-07 13:00:00,836
2025-12-07 14:00:00,824
2025-12-07 15:00:00,804
2025-12-07 16:00:00,841
2025-12-07 17:00:00,851
2025-12-07 18:00:00,828
2025-12-07 19:00:00,822
2025-12-07 20:00:00,816
2025-12-07 21:00:00,793
2025-12-07 22:00:00,717
2025-12-07 23:00:00,676
2025-12-08 00:00:00,763
2025-12-08 01:00:00,677
2025-12-08 02:00:00,659
2025-12-08 03:00:00,675
2025-12-08 04:00:00,714
2025-12-08 05:00:00,717
2025-12-08 06:00:00,686
2025-12-08 07:00:00,719
2025-12-08 08:00:00,689
2025-12-08 09:00:00,692
2025-12-08 10:00:00,681
2025-12-08 11:00:00,700
2025-12-08 12:00:00,732
2025-12-08 13:00:00,734
2025-12-08 14:00:00,692
2025-12-08 15:00:00,735
2025-12-08 16:00:00,723
2025-12-08 17:00:00,690
2025-12-08 18:00:00,704
2025-12-08 19:00:00,688
2025-12-08 20:00:00,683
2025-12-08 21:00:00,658
2025-12-08 22:00:00,721
2025-12-08 23:00:00,756
2025-12-09 00:00:00,709
2025-12-09 01:00:00,657
2025-12-09 02:00:00,660
2025-12-09 03:00:00,669
2025-12-09 04:00:00,677
2025-12-09 05:00:00,672
2025-12-09 06:00:00,684
2025-12-09 07:00:00,662
2025-12-09 08:00:00,668
2025-12-09 09:00:00,678
2025-12-09 10:00:00,649
2025-12-09 11:00:00,688
2025-12-09 12:00:00,681
2025-12-09 13:00:00,680
2025-12-09 14:00:00,727
2025-12-09 15:00:00,737
2025-12-09 16:00:00,745
2025-12-09 17:00:00,730
2025-12-09 18:00:00,719
2025-12-09 19:00:00,672
2025-12-09 20:00:00,663
2025-12-09 21:00:00,698
2025-12-09 22:00:00,766
2025-12-09 23:00:00,766
2025-12-10 00:00:00,759
2025-12-10 01:00:00,681
2025-12-10 02:00:00,660
2025-12-10 03:00:00,675
2025-12-10 04:00:00,684
2025-12-10 05:00:00,701
2025-12-10 06:00:00,681
2025-12-10 07:00:00,676
2025-12-10 08:00:00,650
2025-12-10 09:00:00,698
2025-12-10 10:00:00,667
2025-12-10 11:00:00,673
2025-12-10 12:00:00,775
2025-12-10 13:00:00,681
2025-12-10 14:00:00,693
2025-12-10 15:00:00,744
2025-12-10 16:00:00,732
2025-12-10 17:00:00,723
2025-12-10 18:00:00,745
2025-12-10 19:00:00,732
2025-12-10 20:00:00,713
2025-12-10 21:00:00,754
2025-12-10 22:00:00,729
2025-12-10 23:00:00,682
2025-12-11 00:00:00,699
2025-12-11 01:00:00,694
2025-12-11 02:00:00,734
2025-12-11 03:00:00,711
2025-12-11 04:00:00,729
2025-12-11 05:00:00,723
2025-12-11 06:00:00,729
2025-12-11 07:00:00,699
2025-12-11 08:00:00,682
2025-12-11 09:00:00,717
2025-12-11 10:00:00,717
2025-12-11 11:00:00,740
2025-12-11 12:00:00,764
2025-12-11 13:00:00,781
2025-12-11 14:00:00,699
2025-12-11 15:00:00,699
2025-12-11 16:00:00,694
2025-12-11 17:00:00,711
2025-12-11 18:00:00,722
2025-12-11 19:00:00,793
2025-12-11 20:00:00,799
2025-12-11 21:00:00,764
2025-12-11 22:00:00,699
2025-12-11 23:00:00,682
2025-12-12 00:00:00,676
2025-12-12 01:00:00,676
2025-12-12 02:00:00,670
2025-12-12 03:00:00,682
2025-12-12 04:00:00,676
2025-12-12 05:00:00,659
2025-12-12 06:00:00,694
2025-12-12 07:00:00,676
2025-12-12 08:00:00,688
2025-12-12 09:00:00,688
2025-12-12 10:00:00,647
2025-12-12 11:00:00,659
2025-12-12 12:00:00,688
2025-12-12 13:00:00,711
2025-12-12 14:00:00,694
2025-12-12 15:00:00,699
2025-12-12 16:00:00,699
2025-12-12 17:00:00,717
2025-12-12 18:00:00,764
2025-12-12 19:00:00,799
2025-12-12 20:00:00,828
2025-12-12 21:00:00,834
2025-12-12 22:00:00,828
2025-12-12 23:00:00,752
2025-12-13 00:00:00,717
2025-12-13 01:00:00,729
2025-12-13 02:00:00,729
2025-12-13 03:00:00,729
2025-12-13 04:00:00,752
2025-12-13 05:00:00,723
2025-12-13 06:00:00,729
2025-12-13 07:00:00,781
2025-12-13 08:00:00,822
2025-12-13 09:00:00,874
2025-12-13 10:00:00,880
2025-12-13 11:00:00,898
2025-12-13 12:00:00,874
2025-12-13 13:00:00,898
2025-12-13 14:00:00,904
2025-12-13 15:00:00,904
2025-12-13 16:00:00,904
2025-12-13 17:00:00,892
2025-12-13 18:00:00,898
2025-12-13 19:00:00,892
2025-12-13 20:00:00,904
2025-12-13 21:00:00,892
2025-12-13 22:00:00,839
2025-12-13 23:00:00,775
2025-12-14 00:00:00,740
2025-12-14 01:00:00,787
2025-12-14 02:00:00,758
2025-12-14 03:00:00,769
2025-12-14 04:00:00,775
2025-12-14 05:00:00,764
2025-12-14 06:00:00,764
2025-12-14 07:00:00,793
2025-12-14 08:00:00,869
2025-12-14 09:00:00,904
2025-12-14 10:00:00,904
2025-12-14 11:00:00,904
2025-12-14 12:00:00,904
2025-12-14 13:00:00,904
2025-12-14 14:00:00,904
2025-12-14 15:00:00,904
2025-12-14 16:00:00,904
2025-12-14 17:00:00,904
2025-12-14 18:00:00,898
2025-12-14 19:00:00,880
2025-12-14 20:00:00,886
2025-12-14 21:00:00,816
2025-12-14 22:00:00,729
2025-12-14 23:00:00,717
2025-12-15 00:00:00,740
2025-12-15 01:00:00,769
2025-12-15 02:00:00,764
2025-12-15 03:00:00,746
2025-12-15 04:00:00,740
2025-12-15 05:00:00,752
2025-12-15 06:00:00,746
2025-12-15 07:00:00,688
2025-12-15 08:00:00,711
2025-12-15 09:00:00,723
2025-12-15 10:00:00,717
2025-12-15 11:00:00,711
2025-12-15 12:00:00,752
2025-12-15 13:00:00,729
2025-12-15 14:00:00,694
2025-12-15 15:00:00,705
2025-12-15 16:00:00,688
2025-12-15 17:00:00,699
2025-12-15 18:00:00,699
2025-12-15 19:00:00,705
2025-12-15 20:00:00,711
2025-12-15 21:00:00,723
2025-12-15 22:00:00,694
2025-12-15 23:00:00,694
2025-12-16 00:00:00,694
2025-12-16 01:00:00,711
2025-12-16 02:00:00,682
2025-12-16 03:00:00,688
2025-12-16 04:00:00,705
2025-12-16 05:00:00,694
2025-12-16 06:00:00,711
2025-12-16 07:00:00,688
2025-12-16 08:00:00,688
2025-12-16 09:00:00,699
2025-12-16 10:00:00,688
2025-12-16 11:00:00,705
2025-12-16 12:00:00,717
2025-12-16 13:00:00,723
2025-12-16 14:00:00,676
2025-12-16 15:00:00,699
2025-12-16 16:00:00,694
2025-12-16 17:00:00,688
2025-12-16 18:00:00,682
2025-12-16 19:00:00,688
2025-12-16 20:00:00,711
2025-12-16 21:00:00,694
2025-12-16 22:00:00,688
2025-12-16 23:00:00,688
2025-12-17 00:00:00,694
2025-12-17 01:00:00,694
2025-12-17 02:00:00,705
2025-12-17 03:00:00,705
2025-12-17 04:00:00,694
2025-12-17 05:00:00,688
2025-12-17 06:00:00,688
2025-12-17 07:00:00,688
2025-12-17 08:00:00,705
2025-12-17 09:00:00,705
2025-12-17 10:00:00,705
2025-12-17 11:00:00,705
2025-12-17 12:00:00,711
2025-12-17 13:00:00,694
2025-12-17 14:00:00,688
2025-12-17 15:00:00,711
2025-12-17 16:00:00,688
2025-12-17 17:00:00,699
2025-12-17 18:00:00,699
2025-12-17 19:00:00,729
2025-12-17 20:00:00,746
2025-12-17 21:00:00,688
2025-12-17 22:00:00,694
2025-12-17 23:00:00,688
2025-12-18 00:00:00,694
2025-12-18 01:00:00,705
2025-12-18 02:00:00,705
2025-12-18 03:00:00,705
2025-12-18 04:00:00,694
2025-12-18 05:00:00,705
2025-12-18 06:00:00,688
2025-12-18 07:00:00,717
2025-12-18 08:00:00,699
2025-12-18 09:00:00,694
2025-12-18 10:00:00,699
2025-12-18 11:00:00,711
2025-12-18 12:00:00,752
2025-12-18 13:00:00,734
2025-12-18 14:00:00,699
2025-12-18 15:00:00,688
2025-12-18 16:00:00,711
2025-12-18 17:00:00,711
2025-12-18 18:00:00,699
2025-12-18 19:00:00,734
2025-12-18 20:00:00,746
2025-12-18 21:00:00,717
2025-12-18 22:00:00,702
2025-12-18 23:00:00,723
2025-12-19 00:00:00,675
2025-12-19 01:00:00,659
2025-12-19 02:00:00,657
2025-12-19 03:00:00,729
2025-12-19 04:00:00,660
2025-12-19 05:00:00,673
2025-12-19 06:00:00,698
2025-12-19 07:00:00,689
2025-12-19 08:00:00,677
2025-12-19 09:00:00,684
2025-12-19 10:00:00,664
2025-12-19 11:00:00,678
2025-12-19 12:00:00,683
2025-12-19 13:00:00,691
2025-12-19 14:00:00,699
2025-12-19 15:00:00,687
2025-12-19 16:00:00,688
2025-12-19 17:00:00,689
2025-12-19 18:00:00,686
2025-12-19 19:00:00,684
2025-12-19 20:00:00,688
2025-12-19 21:00:00,722
2025-12-19 22:00:00,784
2025-12-19 23:00:00,699
2025-12-20 00:00:00,785
2025-12-20 01:00:00,729
2025-12-20 02:00:00,734
2025-12-20 03:00:00,681
2025-12-20 04:00:00,690
2025-12-20 05:00:00,705
2025-12-20 06:00:00,681
2025-12-20 07:00:00,669
2025-12-20 08:00:00,672
2025-12-20 09:00:00,683
2025-12-20 10:00:00,715
2025-12-20 11:00:00,763
2025-12-20 12:00:00,815
2025-12-20 13:00:00,832
2025-12-20 14:00:00,809
2025-12-20 15:00:00,812
2025-12-20 16:00:00,816
2025-12-20 17:00:00,806
2025-12-20 18:00:00,795
2025-12-20 19:00:00,798
2025-12-20 20:00:00,767
2025-12-20 21:00:00,768
2025-12-20 22:00:00,781
2025-12-20 23:00:00,770
2025-12-21 00:00:00,768
2025-12-21 01:00:00,727
2025-12-21 02:00:00,673
2025-12-21 03:00:00,688
2025-12-21 04:00:00,691
2025-12-21 05:00:00,684
2025-12-21 06:00:00,686
2025-12-21 07:00:00,690
2025-12-21 08:00:00,696
2025-12-21 09:00:00,698
2025-12-21 10:00:00,738
2025-12-21 11:00:00,775
2025-12-21 12:00:00,815
2025-12-21 13:00:00,812
2025-12-21 14:00:00,801
2025-12-21 15:00:00,780
2025-12-21 16:00:00,793
2025-12-21 17:00:00,795
2025-12-21 18:00:00,777
2025-12-21 19:00:00,775
2025-12-21 20:00:00,775
2025-12-21 21:00:00,757
2025-12-21 22:00:00,761
2025-12-21 23:00:00,725
2025-12-22 00:00:00,679
2025-12-22 01:00:00,658
2025-12-22 02:00:00,663
2025-12-22 03:00:00,666
2025-12-22 04:00:00,685
2025-12-22 05:00:00,679
2025-12-22 06:00:00,689
2025-12-22 07:00:00,671
2025-12-22 08:00:00,671
2025-12-22 09:00:00,669
2025-12-22 10:00:00,673
2025-12-22 11:00:00,676
2025-12-22 12:00:00,673
2025-12-22 13:00:00,669
2025-12-22 14:00:00,667
2025-12-22 15:00:00,684
2025-12-22 16:00:00,667
2025-12-22 17:00:00,656
2025-12-22 18:00:00,655
2025-12-22 19:00:00,651
2025-12-22 20:00:00,652
2025-12-22 21:00:00,656
2025-12-22 22:00:00,657
2025-12-22 23:00:00,653
2025-12-23 00:00:00,647
2025-12-23 01:00:00,645
2025-12-23 02:00:00,641
2025-12-23 03:00:00,655
2025-12-23 04:00:00,655
2025-12-23 05:00:00,651
2025-12-23 06:00:00,652
2025-12-23 07:00:00,646
2025-12-23 08:00:00,650
2025-12-23 09:00:00,649
2025-12-23 10:00:00,664
2025-12-23 11:00:00,658
2025-12-23 12:00:00,663
2025-12-23 13:00:00,665
2025-12-23 14:00:00,655
2025-12-23 15:00:00,661
2025-12-23 16:00:00,652
2025-12-23 17:00:00,651
2025-12-23 18:00:00,651
2025-12-23 19:00:00,649
2025-12-23 20:00:00,650
2025-12-23 21:00:00,649
2025-12-23 22:00:00,657
2025-12-23 23:00:00,652
2025-12-24 00:00:00,641
2025-12-24 01:00:00,645
2025-12-24 02:00:00,624
2025-12-24 03:00:00,628
2025-12-24 04:00:00,658
2025-12-24 05:00:00,655
2025-12-24 06:00:00,654
2025-12-24 07:00:00,662
2025-12-24 08:00:00,657
2025-12-24 09:00:00,667
2025-12-24 10:00:00,664
2025-12-24 11:00:00,656
2025-12-24 12:00:00,655
2025-12-24 13:00:00,670
2025-12-24 14:00:00,664
2025-12-24 15:00:00,666
2025-12-24 16:00:00,664
2025-12-24 17:00:00,654
2025-12-24 18:00:00,650
2025-12-24 19:00:00,646
2025-12-24 20:00:00,656
2025-12-24 21:00:00,650
2025-12-24 22:00:00,661
2025-12-24 23:00:00,659
2025-12-25 00:00:00,645
2025-12-25 01:00:00,635
2025-12-25 02:00:00,630
2025-12-25 03:00:00,650
2025-12-25 04:00:00,623
2025-12-25 05:00:00,651
2025-12-25 06:00:00,643
2025-12-25 07:00:00,642
2025-12-25 08:00:00,637
2025-12-25 09:00:00,655
2025-12-25 10:00:00,640
2025-12-25 11:00:00,661
2025-12-25 12:00:00,657
2025-12-25 13:00:00,669
2025-12-25 14:00:00,662
2025-12-25 15:00:00,678
2025-12-25 16:00:00,667
2025-12-25 17:00:00,654
2025-12-25 18:00:00,650
2025-12-25 19:00:00,656
2025-12-25 20:00:00,648
2025-12-25 21:00:00,649
2025-12-25 22:00:00,660
2025-12-25 23:00:00,667
2025-12-26 00:00:00,639
2025-12-26 01:00:00,639
2025-12-26 02:00:00,651
2025-12-26 03:00:00,649
2025-12-26 04:00:00,647
2025-12-26 05:00:00,648
2025-12-26 06:00:00,642
2025-12-26 07:00:00,638
2025-12-26 08:00:00,647
2025-12-26 09:00:00,659
2025-12-26 10:00:00,660
2025-12-26 11:00:00,649
2025-12-26 12:00:00,652
2025-12-26 13:00:00,662
2025-12-26 14:00:00,649
2025-12-26 15:00:00,654
2025-12-26 17:00:00,651
2025-12-26 18:00:00,651
2025-12-26 19:00:00,650
2025-12-26 20:00:00,659
2025-12-26 21:00:00,674
2025-12-26 22:00:00,698
2025-12-26 23:00:00,730
2025-12-27 00:00:00,731
2025-12-27 01:00:00,680
2025-12-27 02:00:00,636
2025-12-27 03:00:00,661
2025-12-27 04:00:00,680
2025-12-27 05:00:00,675
2025-12-27 06:00:00,669
2025-12-27 07:00:00,673
2025-12-27 08:00:00,669
2025-12-27 09:00:00,686
2025-12-27 10:00:00,716
2025-12-27 11:00:00,728
2025-12-27 12:00:00,751
2025-12-27 13:00:00,732
2025-12-27 14:00:00,760
2025-12-27 16:00:00,754
2025-12-27 17:00:00,737
2025-12-27 18:00:00,736
2025-12-27 19:00:00,727
2025-12-27 20:00:00,689
2025-12-27 21:00:00,679
2025-12-27 22:00:00,689
2025-12-27 23:00:00,699
2025-12-28 01:00:00,647
2025-12-28 02:00:00,626
2025-12-28 03:00:00,662
2025-12-28 04:00:00,671
2025-12-28 05:00:00,674
2025-12-28 06:00:00,676
2025-12-28 07:00:00,679
2025-12-28 08:00:00,661
2025-12-28 09:00:00,668
2025-12-28 10:00:00,679
2025-12-28 11:00:00,692
2025-12-28 12:00:00,728
2025-12-28 13:00:00,715
2025-12-28 14:00:00,688
2025-12-28 15:00:00,701
2025-12-28 16:00:00,701
2025-12-28 17:00:00,684
2025-12-28 18:00:00,683
2025-12-28 19:00:00,666
2025-12-28 20:00:00,651
2025-12-28 21:00:00,648
2025-12-28 23:00:00,645
2025-12-29 00:00:00,622
2025-12-29 01:00:00,619
2025-12-29 02:00:00,615
2025-12-29 03:00:00,624
2025-12-29 04:00:00,631
2025-12-29 05:00:00,651
2025-12-29 06:00:00,640
2025-12-29 07:00:00,629
2025-12-29 08:00:00,619
2025-12-29 09:00:00,625
2025-12-29 10:00:00,626
2025-12-29 11:00:00,642
2025-12-29 12:00:00,638
2025-12-29 13:00:00,636
2025-12-29 14:00:00,641
2025-12-29 16:00:00,629
2025-12-29 17:00:00,628
2025-12-29 18:00:00,613
2025-12-29 19:00:00,616
2025-12-29 20:00:00,603
2025-12-29 21:00:00,612
2025-12-29 22:00:00,614
2025-12-29 23:00:00,612
2025-12-30 00:00:00,592
2025-12-30 01:00:00,582
2025-12-30 02:00:00,577
2025-12-30 03:00:00,588
2025-12-30 04:00:00,594
2025-12-30 05:00:00,607
2025-12-30 06:00:00,605
2025-12-30 07:00:00,599
2025-12-30 08:00:00,602
2025-12-30 10:00:00,614
2025-12-30 11:00:00,618
2025-12-30 12:00:00,618
2025-12-30 14:00:00,591
2025-12-30 15:00:00,600
2025-12-30 16:00:00,613
2025-12-30 17:00:00,616
2025-12-30 18:00:00,619
2025-12-30 19:00:00,622
2025-12-30 20:00:00,604
2025-12-30 21:00:00,609
2025-12-30 22:00:00,618
2025-12-30 23:00:00,620
2025-12-31 00:00:00,605
2025-12-31 01:00:00,582
2025-12-31 02:00:00,580
2025-12-31 03:00:00,605
2025-12-31 04:00:00,627
2025-12-31 05:00:00,621
2025-12-31 06:00:00,591
2025-12-31 07:00:00,592
2025-12-31 08:00:00,592
2025-12-31 09:00:00,576
2025-12-31 10:00:00,588
2025-12-31 11:00:00,585
2025-12-31 12:00:00,578
2025-12-31 13:00:00,588
2025-12-31 15:00:00,618
2025-12-31 16:00:00,631
2025-12-31 17:00:00,640
2025-12-31 18:00:00,630
2025-12-31 19:00:00,639
2025-12-31 20:00:00,644
2025-12-31 21:00:00,659
2025-12-31 22:00:00,692
2025-12-31 23:00:00,665
2026-01-01 00:00:00,659
2026-01-01 01:00:00,607
2026-01-01 02:00:00,597
2026-01-01 03:00:00,615
2026-01-01 04:00:00,606
2026-01-01 05:00:00,601
2026-01-01 06:00:00,576
2026-01-01 07:00:00,580
2026-01-01 08:00:00,603
2026-01-01 09:00:00,619
2026-01-01 10:00:00,629
2026-01-01 11:00:00,663
2026-01-01 12:00:00,686
2026-01-01 13:00:00,701
2026-01-01 14:00:00,687
2026-01-01 15:00:00,671
2026-01-01 16:00:00,685
2026-01-01 17:00:00,667
2026-01-01 18:00:00,672
2026-01-01 19:00:00,663
2026-01-01 21:00:00,630
2026-01-01 22:00:00,654
2026-01-01 23:00:00,649
2026-01-02 00:00:00,629
2026-01-02 01:00:00,591
2026-01-02 02:00:00,582
2026-01-02 03:00:00,584
2026-01-02 04:00:00,586
2026-01-02 05:00:00,583
2026-01-02 06:00:00,584
2026-01-02 08:00:00,584
2026-01-02 09:00:00,605
2026-01-02 10:00:00,607
2026-01-02 11:00:00,628
2026-01-02 12:00:00,666
2026-01-02 13:00:00,680
2026-01-02 14:00:00,671
2026-01-02 15:00:00,672
2026-01-02 16:00:00,673
2026-01-02 17:00:00,672
2026-01-02 18:00:00,672
2026-01-02 19:00:00,670
2026-01-02 20:00:00,673
2026-01-02 21:00:00,666
2026-01-02 22:00:00,681
2026-01-02 23:00:00,676
2026-01-03 00:00:00,666
2026-01-03 01:00:00,617
2026-01-03 03:00:00,584
2026-01-03 04:00:00,583
2026-01-03 05:00:00,583
2026-01-03 06:00:00,580
2026-01-03 07:00:00,594
2026-01-03 08:00:00,605
2026-01-03 09:00:00,615
2026-01-03 10:00:00,645
2026-01-03 11:00:00,688
2026-01-03 12:00:00,703
2026-01-03 13:00:00,729
2026-01-03 14:00:00,706
2026-01-03 15:00:00,714
2026-01-03 16:00:00,693
2026-01-03 17:00:00,682
2026-01-03 18:00:00,698
2026-01-03 19:00:00,697
2026-01-03 20:00:00,673
2026-01-03 21:00:00,673
2026-01-03 22:00:00,670
2026-01-03 23:00:00,669
2026-01-04 00:00:00,600
2026-01-04 01:00:00,585
2026-01-04 02:00:00,572
2026-01-04 03:00:00,581
2026-01-04 04:00:00,580
2026-01-04 05:00:00,574
2026-01-04 06:00:00,572
2026-01-04 07:00:00,596
2026-01-04 08:00:00,567
2026-01-04 09:00:00,589
2026-01-04 10:00:00,588
2026-01-04 11:00:00,588
2026-01-04 12:00:00,602
2026-01-04 13:00:00,621
2026-01-04 14:00:00,602
2026-01-04 15:00:00,608
2026-01-04 16:00:00,613
2026-01-04 17:00:00,601
2026-01-04 18:00:00,597
2026-01-04 19:00:00,585
2026-01-04 20:00:00,583
2026-01-04 21:00:00,606
2026-01-04 22:00:00,653
2026-01-04 23:00:00,651
2026-01-05 00:00:00,595
2026-01-05 01:00:00,566
2026-01-05 02:00:00,567
2026-01-05 03:00:00,577
2026-01-05 04:00:00,575
2026-01-05 05:00:00,577
2026-01-05 06:00:00,579
2026-01-05 07:00:00,565
2026-01-05 08:00:00,547
2026-01-05 09:00:00,562
2026-01-05 10:00:00,576
2026-01-05 11:00:00,558
2026-01-05 12:00:00,566
2026-01-05 13:00:00,571
2026-01-05 14:00:00,555
2026-01-05 15:00:00,576
2026-01-05 16:00:00,568
2026-01-05 17:00:00,553
2026-01-05 18:00:00,550
2026-01-05 19:00:00,549
2026-01-05 21:00:00,554
2026-01-05 22:00:00,563
2026-01-05 23:00:00,555
2026-01-06 00:00:00,543
2026-01-06 01:00:00,529
2026-01-06 02:00:00,535
2026-01-06 03:00:00,545
2026-01-06 04:00:00,559
2026-01-06 05:00:00,576
2026-01-06 06:00:00,561
2026-01-06 07:00:00,568
2026-01-06 08:00:00,553
2026-01-06 09:00:00,547
2026-01-06 10:00:00,558
2026-01-06 11:00:00,558
2026-01-06 12:00:00,562
2026-01-06 13:00:00,586
2026-01-06 14:00:00,566
2026-01-06 15:00:00,570
2026-01-06 16:00:00,555
2026-01-06 17:00:00,552
2026-01-06 18:00:00,558
2026-01-06 19:00:00,553
2026-01-06 20:00:00,536
2026-01-06 21:00:00,552
2026-01-06 22:00:00,571
2026-01-06 23:00:00,574
2026-01-07 00:00:00,539
2026-01-07 01:00:00,536
2026-01-07 02:00:00,532
2026-01-07 03:00:00,543
2026-01-07 04:00:00,550
2026-01-07 05:00:00,545
2026-01-07 06:00:00,555
2026-01-07 07:00:00,562
2026-01-07 08:00:00,557
2026-01-07 09:00:00,543
2026-01-07 10:00:00,538
2026-01-07 11:00:00,555
2026-01-07 12:00:00,555
2026-01-07 13:00:00,594
2026-01-07 14:00:00,571
2026-01-07 15:00:00,593
2026-01-07 16:00:00,574
2026-01-07 17:00:00,575
2026-01-07 18:00:00,556
2026-01-07 19:00:00,567
2026-01-07 20:00:00,546
2026-01-07 21:00:00,561
2026-01-07 22:00:00,585
2026-01-07 23:00:00,608
2026-01-08 00:00:00,570
2026-01-08 01:00:00,529
2026-01-08 02:00:00,543
2026-01-08 03:00:00,549
2026-01-08 04:00:00,545
2026-01-08 05:00:00,543
2026-01-08 06:00:00,541
2026-01-08 07:00:00,561
2026-01-08 08:00:00,554
2026-01-08 09:00:00,545
2026-01-08 10:00:00,559
2026-01-08 11:00:00,549
2026-01-08 12:00:00,581
2026-01-08 13:00:00,592
2026-01-08 14:00:00,578
2026-01-08 15:00:00,606
2026-01-08 16:00:00,603
2026-01-08 17:00:00,575
2026-01-08 18:00:00,581
2026-01-08 20:00:00,571
2026-01-08 21:00:00,579
2026-01-08 23:00:00,613
2026-01-09 00:00:00,604
2026-01-09 01:00:00,536
2026-01-09 02:00:00,546
2026-01-09 03:00:00,539
2026-01-09 04:00:00,545
2026-01-09 05:00:00,541
2026-01-09 06:00:00,558
2026-01-09 07:00:00,547
2026-01-09 08:00:00,550
2026-01-09 09:00:00,541
2026-01-09 10:00:00,550
2026-01-09 12:00:00,574
2026-01-09 13:00:00,613
2026-01-09 14:00:00,587
2026-01-09 15:00:00,591
2026-01-09 16:00:00,602
2026-01-09 17:00:00,582
2026-01-09 18:00:00,612
2026-01-09 19:00:00,606
2026-01-09 20:00:00,626
2026-01-09 21:00:00,644
2026-01-09 22:00:00,668
2026-01-09 23:00:00,665
2026-01-10 00:00:00,664
2026-01-10 01:00:00,632
2026-01-10 02:00:00,591
2026-01-10 03:00:00,570
2026-01-10 04:00:00,568
2026-01-10 05:00:00,571
2026-01-10 06:00:00,564
2026-01-10 07:00:00,565
2026-01-10 08:00:00,566
2026-01-10 09:00:00,590
2026-01-10 10:00:00,622
2026-01-10 11:00:00,666
2026-01-10 12:00:00,699
2026-01-10 13:00:00,679
2026-01-10 14:00:00,671
2026-01-10 15:00:00,668
2026-01-10 16:00:00,666
2026-01-10 17:00:00,662
2026-01-10 18:00:00,664
2026-01-10 19:00:00,639
2026-01-10 20:00:00,634
2026-01-10 21:00:00,658
2026-01-10 22:00:00,656
2026-01-10 23:00:00,652
2026-01-11 00:00:00,631
2026-01-11 01:00:00,593
2026-01-11 02:00:00,560
2026-01-11 03:00:00,558
2026-01-11 04:00:00,571
2026-01-11 05:00:00,574
2026-01-11 06:00:00,568
2026-01-11 07:00:00,562
2026-01-11 08:00:00,566
2026-01-11 09:00:00,577
2026-01-11 10:00:00,614
2026-01-11 11:00:00,662
2026-01-11 12:00:00,672
2026-01-11 13:00:00,673
2026-01-11 14:00:00,672
2026-01-11 15:00:00,660
2026-01-11 16:00:00,671
2026-01-11 17:00:00,665
2026-01-11 18:00:00,671
2026-01-11 19:00:00,668
2026-01-11 20:00:00,643
2026-01-11 21:00:00,644
2026-01-11 22:00:00,651
2026-01-11 23:00:00,635
2026-01-12 00:00:00,566
2026-01-12 01:00:00,546
2026-01-12 02:00:00,553
2026-01-12 03:00:00,564
2026-01-12 04:00:00,566
2026-01-12 05:00:00,581
2026-01-12 06:00:00,571
2026-01-12 07:00:00,572
2026-01-12 08:00:00,563
2026-01-12 09:00:00,564
2026-01-12 10:00:00,566
2026-01-12 11:00:00,566
2026-01-12 12:00:00,574
2026-01-12 13:00:00,591
2026-01-12 14:00:00,581
2026-01-12 15:00:00,583
2026-01-12 16:00:00,592
2026-01-12 17:00:00,550
2026-01-12 19:00:00,550
2026-01-12 20:00:00,559
2026-01-12 23:00:00,562
2026-01-13 00:00:00,528
2026-01-13 01:00:00,518
2026-01-13 02:00:00,512
2026-01-13 03:00:00,520
2026-01-13 04:00:00,517
2026-01-13 05:00:00,544
2026-01-13 06:00:00,530
2026-01-13 07:00:00,551
2026-01-13 08:00:00,535
2026-01-13 09:00:00,546
2026-01-13 10:00:00,548
2026-01-13 11:00:00,535
2026-01-13 12:00:00,545
2026-01-13 13:00:00,587
2026-01-13 14:00:00,567
2026-01-13 15:00:00,580
2026-01-13 16:00:00,568
2026-01-13 17:00:00,554
2026-01-13 18:00:00,557
2026-01-13 19:00:00,557
2026-01-13 20:00:00,556
2026-01-13 22:00:00,566
2026-01-14 00:00:00,534
2026-01-14 01:00:00,519
2026-01-14 02:00:00,519
2026-01-14 03:00:00,549
2026-01-14 04:00:00,551
2026-01-14 05:00:00,555
2026-01-14 06:00:00,557
2026-01-14 07:00:00,569
2026-01-14 08:00:00,548
2026-01-14 09:00:00,542
2026-01-14 10:00:00,555
2026-01-14 11:00:00,583
2026-01-14 12:00:00,571
2026-01-14 13:00:00,610
2026-01-14 14:00:00,608
2026-01-14 15:00:00,598
2026-01-14 16:00:00,612
2026-01-14 17:00:00,596
2026-01-14 18:00:00,577
2026-01-14 20:00:00,547
2026-01-14 21:00:00,566
2026-01-14 22:00:00,573
2026-01-14 23:00:00,558
2026-01-15 00:00:00,547
2026-01-15 01:00:00,512
2026-01-15 02:00:00,510
2026-01-15 03:00:00,517
2026-01-15 04:00:00,518
2026-01-15 05:00:00,515
2026-01-15 06:00:00,517
2026-01-15 07:00:00,527
2026-01-15 08:00:00,522
2026-01-15 09:00:00,512
2026-01-15 10:00:00,530
2026-01-15 11:00:00,538
2026-01-15 12:00:00,543
2026-01-15 13:00:00,566
2026-01-15 14:00:00,576
2026-01-15 15:00:00,594
2026-01-15 16:00:00,588
2026-01-15 17:00:00,582
2026-01-15 18:00:00,573
2026-01-15 19:00:00,558
2026-01-15 20:00:00,569
2026-01-15 21:00:00,576
2026-01-15 22:00:00,595
2026-01-15 23:00:00,593
2026-01-16 00:00:00,588
2026-01-16 01:00:00,535
2026-01-16 02:00:00,519
2026-01-16 03:00:00,455
2026-01-16 04:00:00,461
2026-01-16 05:00:00,468
2026-01-16 06:00:00,475
2026-01-16 07:00:00,462
2026-01-16 08:00:00,462
2026-01-16 09:00:00,467
2026-01-16 10:00:00,460
2026-01-16 11:00:00,452
2026-01-16 12:00:00,467
2026-01-16 13:00:00,474
2026-01-16 14:00:00,483
2026-01-16 15:00:00,468
2026-01-16 16:00:00,478
2026-01-16 17:00:00,475
2026-01-16 18:00:00,475
2026-01-16 19:00:00,473
2026-01-16 20:00:00,466
2026-01-16 21:00:00,459
2026-01-16 22:00:00,474
2026-01-17 00:00:00,461
2026-01-17 01:00:00,457
2026-01-17 02:00:00,457
2026-01-17 03:00:00,452
2026-01-17 04:00:00,468
2026-01-17 05:00:00,465
2026-01-17 06:00:00,460
2026-01-17 07:00:00,470
2026-01-17 08:00:00,472
2026-01-17 09:00:00,472
2026-01-17 10:00:00,479
2026-01-17 11:00:00,478
2026-01-17 12:00:00,486
2026-01-17 13:00:00,490
2026-01-17 14:00:00,489
2026-01-17 15:00:00,504
2026-01-17 16:00:00,542
2026-01-17 17:00:00,559
2026-01-17 18:00:00,558
2026-01-17 19:00:00,526
2026-01-17 20:00:00,525
2026-01-17 21:00:00,524
2026-01-17 22:00:00,525
2026-01-18 00:00:00,499
2026-01-18 01:00:00,490
2026-01-18 02:00:00,479
2026-01-18 03:00:00,481
2026-01-18 04:00:00,488
2026-01-18 05:00:00,496
2026-01-18 06:00:00,503
2026-01-18 07:00:00,507
2026-01-18 08:00:00,501
2026-01-18 09:00:00,512
2026-01-18 10:00:00,523
2026-01-18 11:00:00,547
2026-01-18 12:00:00,556
2026-01-18 13:00:00,562
2026-01-18 14:00:00,567
2026-01-18 15:00:00,563
2026-01-18 16:00:00,549
2026-01-18 17:00:00,562
2026-01-18 18:00:00,562
2026-01-18 19:00:00,559
2026-01-18 20:00:00,554
2026-01-18 21:00:00,551
2026-01-18 22:00:00,561
2026-01-18 23:00:00,540
2026-01-19 01:00:00,486
2026-01-19 02:00:00,480
2026-01-19 03:00:00,483
2026-01-19 04:00:00,498
2026-01-19 05:00:00,506
2026-01-19 06:00:00,505
2026-01-19 07:00:00,485
2026-01-19 08:00:00,479
2026-01-19 09:00:00,487
2026-01-19 10:00:00,497
2026-01-19 11:00:00,498
2026-01-19 12:00:00,500
2026-01-19 13:00:00,488
2026-01-19 14:00:00,483
2026-01-19 15:00:00,478
2026-01-19 16:00:00,467
2026-01-19 17:00:00,460
2026-01-19 18:00:00,458
2026-01-19 19:00:00,454
2026-01-19 20:00:00,451
2026-01-19 21:00:00,453
2026-01-19 22:00:00,452
2026-01-19 23:00:00,449
2026-01-20 00:00:00,444
2026-01-20 01:00:00,442
2026-01-20 02:00:00,441
2026-01-20 03:00:00,443
2026-01-20 04:00:00,444
2026-01-20 05:00:00,445
2026-01-20 06:00:00,442
2026-01-20 07:00:00,435
2026-01-20 08:00:00,433
2026-01-20 09:00:00,441
2026-01-20 10:00:00,666
2026-01-20 11:00:00,514
2026-01-20 12:00:00,465
2026-01-20 13:00:00,449
2026-01-20 14:00:00,448
2026-01-20 15:00:00,447
2026-01-20 16:00:00,446
2026-01-20 17:00:00,448
2026-01-20 18:00:00,446
2026-01-20 20:00:00,444
2026-01-20 21:00:00,446
2026-01-20 22:00:00,443
2026-01-20 23:00:00,440
2026-01-21 00:00:00,442
2026-01-21 01:00:00,436
2026-01-21 02:00:00,430
2026-01-21 04:00:00,440
2026-01-21 05:00:00,441
2026-01-21 06:00:00,440
2026-01-21 07:00:00,449
2026-01-21 08:00:00,450
2026-01-21 09:00:00,468
2026-01-21 15:00:00,451
2026-01-21 16:00:00,450
2026-01-21 17:00:00,453
2026-01-21 18:00:00,450
2026-01-21 19:00:00,452
